SHA-1(Certificate)	SHA-256(Certificate)	MD5(Subject Name)	Key Identifier	EV Policy OID(s)	Friendly Name	CN, Last OU or O	RSA Key Size / ECC Curve	Not Before	Not After	Trust Purposes
C09AB0C8AD7114714ED5E21A5A276ADCD5E7EFCB	00AB444ABD6BDBA33DA8DE569AC4ECDE326D1BE1A61442D5EEC3975A0C243F04	D68CD7B30882556427654BF0FFF1C113	84F7FA725E8864661D288CB077BD0C6A9F4C4D62		ANCERT Certificados Notariales	CN=ANCERT Certificados Notariales	2048	2004-02-11 15:58:30	2024-02-11 15:58:26	Server Authentication, Client Authentication, Secure Email, Code Signing, IP security user, Time Stamping, OCSP Signing
93E6AB220303B52328DCDA569EBAE4D1D1CCFB65	03458B6ABEECC214953D97149AF45391691DE9F9CDCC2647863A3D67C95C243B	9907DF6A65CD524FE293F8B2FCB9A56A	98E03063D3FB37DB53ACA66A10A17ECBC5AFDA18	2.16.840.1.114171.500.9	Wells Fargo Root Certificate Authority	CN=Wells Fargo Root Certificate Authority	2048	2000-10-11 16:41:28	2021-01-14 16:41:28	Server Authentication, Client Authentication, Code Signing, Secure Email
634C3B0230CF1B78B4569FECF2C04A8652EFEF0E	0378B202CCABBA99A12E569A11A077DB1EDB39482061C75D0073059D9AB5B513	1F232355132B6F60EE57DE6CBF32F1BC	0213EEAE1C20382CA9F06FEA5F9F073A93EF4774		MOGAHA Govt of Korea	CN=Root CA	2047	2002-04-21 09:07:23	2012-04-21 09:07:23	Server Authentication, Client Authentication, Code Signing, Secure Email, Time Stamping, Encrypting File System, Document Signing, OCSP Signing
742CDF1594049CBF17A2046CC639BB3888E02E33	058A40323EC8C46262C3052A5D357B91AC24D3DA26351B3FF4407E99F7A4E9B4	9C19D5641A9645B2C0E4EABEC07603AD	F078F9077710BBDC1EA1AE79FB3010DBC634F817		Certipost E-Trust Primary Qualified CA	CN=Certipost E-Trust Primary Qualified CA	2048	2005-07-26 10:00:00	2020-07-26 10:00:00	Server Authentication, Client Authentication, Code Signing, Secure Email, Time Stamping, Document Signing
DA79C1711150C23439AA2B0B0C62FD55B2F9F580	05C9011DB33F430D9AB927BBF5771BAFF033B8953CAD1434560593D335B3D14A	2D4B360CCA94E030432876641935E318	C4FB9C297B97CD4C96FCEE5BB3CA99748B95EA4C		Entrust	CN=Entrust.net Client Certification Authority	1024	1999-10-12 19:24:30	2019-10-12 19:54:30	Server Authentication, Client Authentication, Secure Email
DAC9024F54D8F6DF94935FB1732638CA6AD77C13	0687260331A72403D909F105E69BCF0D32E1BD2493FFC6D9206D11BCD6770739	4558D512EECB27464920897DE7B66053	C4A7B1A47B2C71FADBE14B9075FFC41560858910		DST Root CA X3	CN=DST Root CA X3	2048	2000-09-30 21:12:19	2021-09-30 14:01:15	Secure Email, Server Authentication
968338F113E36A7BABDD08F7776391A68736582E	06DB3AF2DB7BAEE00C03B9578288BBDE541D906EB0069327413295FFB486008E	0D1F50FC0629F29673922EA3B559A2AC	7FB85D8EC4186BC67DCC2EE9AECE34E7175DE0A1		Japan Local Government PKI Application CA	OU=Application CA G2	2048	2006-03-31 15:00:00	2016-03-31 14:59:59	Server Authentication, Client Authentication, Secure Email, Code Signing, Time Stamping, OCSP Signing
BC7B3C6FEF26B9F7AB10D7A1F6B67C5ED2A12D3D	07453D53793BF41819A5251C69F88E2BB344B59CA828B5A543781599EAF3D602	68FB1EC681C04C0380274BF2293EEEC0	411A8CE34F3DEFF1		Post.Trust Root CA	CN=Post.Trust Root CA	2048	2000-08-22 14:56:21	2010-08-20 13:56:21	Code Signing, Server Authentication, Client Authentication, Secure Email, IP security IKE intermediate, Time Stamping, OCSP Signing
D23209AD23D314232174E40D7F9D62139786633A	08297A4047DBA23680C731DB6E317653CA7848E1BEBD3A0B0179A707F92CF178	75174F59AB5494F27554BA970A52AE6F	48E668F92BD2B295D747D82320104F3398909FD4	1.3.6.1.4.1.14370.1.6	GeoTrust	OU=Equifax Secure Certificate Authority	1024	1998-08-22 16:41:51	2018-08-22 16:41:51	Secure Email, Server Authentication, Code Signing
A7F8390BA57705096FD36941D42E7198C6D4D9D5	0A3B474D9032A10E6E6CD8BF0A873E60657ECF326E7723AEFCD58A1A242C3326	9DA82E824B2B82895605BDFEEE3243DE	F838EE5C6EEDAB96A045EB360FDCD9AB3A3158FD		Serasa Certificate Authority I	CN=Serasa Certificate Authority I	2048	2004-11-26 14:02:45	2024-11-21 14:12:45	Client Authentication, Secure Email, Time Stamping
E392512F0ACFF505DFF6DE067F7537E165EA574B	0B5EED4E846403CF55E065848440ED2A82758BF5B9AA1F253D4613CFA080FF3F	D5CF5C63E45A219CEF791C894BEF55C8	6510D7D0291B6578E4E4844065ECEC8BB3AF0D52		NetLock Expressz (Class C) Tanusitvanykiado	CN=NetLock Expressz (Class C) Tanusitvanykiado	1024	1999-02-25 14:08:11	2019-02-20 14:08:11	Server Authentication, Client Authentication, Secure Email, IP security user, IP security tunnel termination, Encrypting File System, Time Stamping
3E84D3BCC544C0F6FA19435C851F3F2FCBA8E814	0B9F26DFCA684C2CFCE23E4E4DD567C886BA259E1DB267F9806F0C5A099711F2	8D8AFCDDBCA0DD611144D578586765F4	9C03F0A8D2987268AEF2EDE04FE2850EB2254ECF		Skaitmeninio sertifikavimo centras	CN=SSC Root CA B	4096	2006-12-27 12:22:50	2026-12-25 12:08:26	Server Authentication, Client Authentication, Code Signing, Secure Email, Time Stamping
4C95A9902ABE0777CED18D6ACCC3372D2748381E	0BE069636AF36FF8547577DEF3D296B5F02483DCB59355C0A6663788646D1EF7	AA38FF0899F038C635E00471FF4BBE2A	64C6DCF732680BB26CEA4ACB5E6E5343744BFE99		Saunalahden Serveri CA	CN=Saunalahden Serveri CA	2048	1999-07-01 04:57:08	2019-06-26 04:57:08	Secure Email, Server Authentication
6E3A55A4190C195C93843CC0DB722E313061F0B1	0C258A12A5674AEF25F28BA7DCFAECEEA348E541E6F5CC4EE63B71B361606AC3	FBD67CEE69321C3DF766FA6DB4C7BBD3	E394F5B14DE9DBA1295B578B4D760676E1D1A28A		Chambersign Chambers of Commerce Root	CN=Chambers of Commerce Root	2048	2003-09-30 16:13:43	2037-09-30 16:13:44	Server Authentication, Client Authentication, Secure Email, Code Signing, Time Stamping
6631BF9EF74F9EB6C9D5A60CBA6ABED1F7BDEF7B	0C2CD63DF7806FA399EDE809116B575BF87989F06518F9808C860503178BAF66	F80F3F5AC1D39EC772F569FCAC0D4944	0B58E58BC64C1537A440A930A921BE47365A56FF	1.3.6.1.4.1.6449.1.2.1.5.1	COMODO	CN=COMODO Certification Authority	2048	2006-12-01 00:00:00	2029-12-31 23:59:59	Server Authentication, Client Authentication, Secure Email, Code Signing, Time Stamping
B5D303BF8682E152919D83F184ED05F1DCE5370C	0E2CD40EAEBD924069725A68BB4624F20B12DD898809E1F84E6B24F419E26D4E	4DBAB3978443185296F9C839C78898F1	2887B1A7887FD6DDCB6FA11C0E5AD02E15319DCC		ViaCode Certification Authority	OU=CA Data	1024	1999-03-11 11:18:48	2019-03-11 11:48:48	Secure Email, Server Authentication
7CA04FD8064C1CAA32A37AA94375038E8DF8DDC0	0F9351F96F2C842F89A2D96E3F85E03950477AF2FF12A0E29F078F954B8C4254	08E293855849AAAE556ADF235CC48A83	F8CDCCEE59C7D97A49029C6D6361EFE76D19ED07		SecureNet CA Root	O=SecureNet CA Root	2048	1999-06-30 00:00:00	2010-10-15 23:59:00	Secure Email, Server Authentication
74207441729CDD92EC7931D823108DC28192E2BB	0F993C8AEF97BAAF5687140ED59AD1821BB4AFACF0AA9A58B5D57A338A3AFBCB	E61FB517D4C38160E1FEFA6C8AED8281	E3732DDFCB0E280CDEDDB3A4CA79B88EBBE83089		CertPlus Class 2 Primary CA	CN=Class 2 Primary CA	2048	1999-07-07 17:05:00	2019-07-06 23:59:59	Secure Email, Server Authentication
3E42A18706BD0C9CCF594750D2E4D6AB0048FDC4	12D480C1A3C664781B99D9DF0E9FAF3F1CACEE1B3C30C3123A337A4A454FFED2	4C310E9D15512AF4482EAACCA38A644F	717B8A061F310555AB60127747201E038818EC89		Sigen-CA	OU=sigen-ca	2048	2001-06-29 21:27:46	2021-06-29 21:57:46	Server Authentication, Client Authentication, Code Signing, Secure Email, Time Stamping, Encrypting File System, Document Signing, OCSP Signing
78E9DD0650624DB9CB36B50767F209B843BE15B3	13B84ABAECA3DE8C719A067DE8CF185F65DC19E03EBD92C20BD38C75097BE113	1670DF2E9894ED4EA8FB8745F95CD1E2	2343D148A255899B947D461A797EC04CFED170B7		VeriSign	OU=Class 1 Public Primary Certification Authority	1024	1996-01-29 00:00:00	2020-01-07 23:59:59	Secure Email, Client Authentication
AD7E1C28B064EF8F6003402014C3D0E3370EB58A	1465FA205397B876FAA6F0A9958E5590E40FCC7FAA4FB7C2C8677521FB5FB658	90C4F4233B006B7BFAA6ADCD8F577D77	BF5FB7D1CEDD1F86F45B55ACDCD710C20EA988E7	2.16.840.1.114413.1.7.23.3, 2.16.840.1.114414.1.7.23.3	Starfield Class 2 Certification Authority	OU=Starfield Class 2 Certification Authority	2048	2004-06-29 17:39:16	2034-06-29 17:39:16	Server Authentication, Client Authentication, Secure Email, Code Signing
FAAA27B8CAF5FDF5CDA98AC3378572E04CE8F2E0	1594CB5B826C315DE3BC932C56895FF23A3A988B5DC1F034D214DFD858D89EE8	39FE7095BBE19327CDA02C487BF58B04	CF5541458CCFA6AE8FD4C0AE8666BE19FACDC145		Spanish Property & Commerce Registry CA	CN=Certificado de la Clave Principal	2048	2002-04-30 10:39:50	2012-04-27 09:39:50	Server Authentication, Client Authentication, Secure Email, OCSP Signing
74F8A3C3EFE7B390064B83903C21646020E5DFCE	15F0BA00A3AC7AF3AC884C072B1011A077BD77C097F40164B2F8598ABD83860C	1970A82FA9EC4110E3F6EADD44953A6C	2130C9FB00D74E98DA87AA2AD0A72EB14031A74C	1.3.6.1.4.1.782.1.2.1.8.1	Network Solutions	CN=Network Solutions Certificate Authority	2048	2006-12-01 00:00:00	2029-12-31 23:59:59	Server Authentication, Client Authentication, Secure Email, Code Signing, Time Stamping
D4DE20D05E66FC53FE1A50882C78DB2852CAE474	16AF57A9F676B0AB126095AA5EBADEF22AB31119D644AC95CD4B93DBF3F26AEB	918AD43A9475F78BB5243DE886D8103C	E59D5930824758CCACFA085436867B3AB5044DF0	1.3.6.1.4.1.6334.1.100.1	Baltimore CyberTrust Root	CN=Baltimore CyberTrust Root	2048	2000-05-12 18:46:00	2025-05-12 23:59:00	Server Authentication
1F4914F7D874951DDDAE02C0BEFD3A2D82755185	18F1FC7F205DF8ADDDEB7FE007DD57E3AF375A9C4D8D73546BF4F1FED1E18D35	2A5139939A14636D53076A82DD975C91	F2C013E082433EFBEE2F673296355CDBB8CB02D0	1.3.6.1.4.1.8024.0.2.100.1.2	QuoVadis Root CA 3	CN=QuoVadis Root CA 3	4096	2006-11-24 19:11:23	2031-11-24 19:06:44	Server Authentication, Client Authentication, Secure Email, Code Signing, Time Stamping, OCSP Signing
1F55E8839BAC30728BE7108EDE7B0BB0D3298224	1CB7650557730D51A62C546E6CE608C05E53E7097BB4942D7E3B3C8AAE0BACA9	117A7427064E278032FA8ADD04440CE7	D1B15F417973792058C92FA2A847C744C6638428		Saunalahden Serveri CA	CN=Saunalahden Serveri CA	2048	1999-07-01 04:55:03	2019-06-26 04:55:03	Secure Email, Server Authentication
D904080A4929C838E9F185ECF7A22DEF99342407	1D4F0596FCA2611D09F84C78F2EA565EF2EAB9CFC272A1718BD336E6E0AE021A	0F99095439F666D42025C3D5B074E1F7	73CDA2FE1F45C864C57A2044D03105906B748565		Agence Nationale de Certification Electronique	CN=Agence Nationale de Certification Electronique	2048	2002-08-21 09:03:17	2037-08-12 09:03:17	Server Authentication, Client Authentication, Secure Email, Code Signing, IP security tunnel termination, IP security user, IP security IKE intermediate
5E997CA5945AAB75FFD14804A974BF2AE1DFE7E1	20D7A33D6497FCE2585BA5D242009D2F38569CB6D106E1EC40323DFA52BB7D44	B5AF73EAA91EFB74F2391C27EBBF3038	4E8B9984C596531AC9FD75C683CD893EB3A34444		SecureNet CA Class A	O=SecureNet CA Class A	2048	1999-06-30 00:00:00	2009-10-15 23:59:00	Secure Email, Server Authentication
5F3AFC0A8B64F686673474DF7EA9A2FEF9FA7A51	21DB20123660BB2ED418205DA11EE7A85A65E2BC6E55B5AF7E7899C8A266D92E	C0F00BE68C95BE900B7BEA29ED823BE8	03252FDE6F82013A5C2CDC2BA169B567D48CD3FD		Swisscom Root CA 1	CN=Swisscom Root CA 1	4096	2005-08-18 12:06:20	2025-08-18 22:06:20	Server Authentication, Client Authentication, Secure Email, Code Signing, Time Stamping, OCSP Signing
BC9219DDC98E14BF1A781F6E280B04C27F902712	22E0D11DC9207E16C92B2EE18CFDB2C2E940626847921FC528CEDD2F7932F714	2A893F61BD54FDB8B556EF9A2736F18E	939A44CAD0785380294904DFC7AF333F99755FAE		DST-Entrust GTI CA	OU=DST-Entrust GTI CA	1024	1998-12-09 00:02:24	2018-12-09 00:32:24	Secure Email, Server Authentication
68ED18B309CD5291C0D3357C1D1141BF883866B1	2602D21E81277A83F6048128F61D794A06F474E1F75E49740A817C2666F62211	91296E8E07A7D02E57417999FC44CE71	08206C66EB810A6C5CD5B5A63C41DD1C96912777		Xcert EZ by DST	CN=Xcert EZ by DST	2048	1999-07-14 16:14:18	2009-07-11 16:14:18	Secure Email, Server Authentication
B19DD096DCD4E3E0FD676885505A672C438D4E9C	2754D4FBCDEEC3E32BAC6D8DFDCBD5DE2BAA2E90562005B418E334CCFC37FA52	3E937A88187D04971AA80B2167CD9E24	86A21F70C68CC1A0749C94B7918EB1DC3B18280A		VeriSign	OU=VeriSign Individual Software Publishers CA	1024	1996-04-09 09:37:49	1999-12-31 09:37:48	Secure Email, Code Signing
8CC4307BC60755E7B22DD9F7FEA245936C7CF288	2834991CF677466D22BAAC3B0055E5B911D9A9E55F5B85BA02DC566782C30E8A	E1CF3D69DA95EBD2317CA8893284E5EC	CDD790A16EA3BFDB30D6DA3225900CE6391E8065		TC TrustCenter Universal CA II	CN=TC TrustCenter Universal CA II	4096	2006-03-22 15:58:34	2030-12-31 22:59:59	Server Authentication, Client Authentication, Secure Email, Code Signing, Time Stamping
4463C531D7CCC1006794612BB656D3BF8257846F	2930BD09A07126BDC17288D4F2AD84645EC948607907A97B5ED0B0B05879EF69	FD893EF729A3C907863B31196C42E63E	15A144603A5E09FC21B292E96D5C47734D5F8E45		VeriSign	OU=Secure Server Certification Authority	1000	1994-11-09 00:00:00	2010-01-07 23:59:59	Server Authentication
2964B686135B5DFDDD3253A89BBC24D74B08C64D	2DC62C3F6C0CC9020BBA77E1C511511024B943EE598856DA5A22E222B7277A20	E7AED7CD80B3B2BEA0C5AC359F3FBA16	377F3E3E997160CA24D4911379D07429B4A824D8		A-CERT ADVANCED	CN=A-CERT ADVANCED	2048	2004-10-23 14:14:14	2011-10-23 14:14:14	Server Authentication, Client Authentication, Secure Email, Code Signing, Time Stamping, Encrypting File System
DBAC3C7AA4254DA1AA5CAAD68468CB88EEDDEEA8	2DFCBACADF22A6FF107A51FD3E8B9E17858028879B13F7C3B57B3E1BD2315809	2F8F6A653F384A7A26352C04AB52775D	7C5ACAB6CB8DDAA6E08CB1891C992C436C4E48FB		GTE CyberTrust Root	CN=GTE CyberTrust Root	1024	1998-04-03 14:52:01	2004-04-03 23:59:00	Secure Email, Client Authentication, Server Authentication
40E78C1D523D1CD9954FAC1A1AB3BD3CBAA15BFC	2F1062F8BF84E7EB83A0F64C98D891FBE2C811B17FFAC0BCE1A6DC9C7C3DCBB7	3AF8820EAC52530F27FC847F8B64336F	AFC64572ABD9E8B388942DBAE662FA648694C68D		thawte	CN=Thawte Personal Basic CA	1024	1996-01-01 00:00:00	2020-12-31 23:59:59	Client Authentication, Secure Email, Code Signing
394FF6850B06BE52E51856CC10E180E882B385CC	2F274E48ABA4AC7B765933101775506DC30EE38EF6ACD5C04932CFE041234220	C4967B8FDAB2306E4BB823876D23CC46	509E0BEAAF5EB92048A6506ACBFDD8207AA78276		Equifax Secure eBusiness CA-2	OU=Equifax Secure eBusiness CA-2	1024	1999-06-23 12:14:45	2019-06-23 12:14:45	Secure Email, Server Authentication, Code Signing
8939576E178DF705780FCC5EC84F84F6253A4893	2F2F8702A6EDECB6469294BCA040F63B8849421FCEE1C37D1CFBEE89DCCD4383	A59D8919A1DD18CA7CDD366A0783F85D	CB6CC06BE3BB3ECBFC229CFEFB8B929CB0F26E22		Entrust	CN=Entrust.net Secure Server Certification Authority	1024	2000-02-04 17:20:00	2020-02-04 17:50:00	Server Authentication, Client Authentication, Code Signing, Secure Email
CFF810FB2C4FFC0156BFE1E1FABCB418C68D31C5	31EACE9B4C9C71734A185680BC24866CA6CBD82B3CB61BCC8706261B59CE1073	CCA144F9CAC20EE052E808320A8C4941	67403CC85E01A22F4ACA4D805ECABA8242ACE65A		Certisign Autoridade Certificadora AC3S	OU=Certisign Autoridade Certificadora AC3S	1024	1999-07-09 20:56:32	2018-07-09 20:56:32	Secure Email, Server Authentication
A69A91FD057F136A42630BB1760D2D51120C1650	3266967E59CD68008D9DD320811185C704205E8D95FDD84F1C7B311E6704FC32	0D5BE6C100655B94A1B16A316D3F5D35	1FEABB3E251B06BDA5DD62057EC64C5ABFE80F43		TC TrustCenter Class 4 CA II	CN=TC TrustCenter Class 4 CA II	2048	2006-03-23 14:10:23	2025-12-31 22:59:59	Server Authentication, Client Authentication, Secure Email, Code Signing, Time Stamping
2388C9D371CC9E963DFF7D3CA7CEFCD625EC190D	327A3D761ABADEA034EB998406275CB1A4776EFDAE2FDF6D0168EA1C4F5567D0	45FF1BF604CB45F470DFC5ADEC968FAF	C7A04975166184DB314B84D2F1374090EF4EDCF7		Microsec e-Szigno Root CA	CN=Microsec e-Szigno Root CA	2048	2005-04-06 12:28:44	2017-04-06 12:28:44	Server Authentication, Client Authentication, Code Signing, Secure Email, IP security tunnel termination, IP security user, IP security IKE intermediate, Time Stamping
273EE12457FDC4F90C55E82B56167F62F532E547	341DE98B1392ABF7F4AB90A960CF25D4BD6EC65B9A51CE6ED067D00EC7CE9B7F	C7429DC1F1FEFD8FDD6E9E8D69D3A192	B7576750944C163A48806EEAFF4CECE5FA555E5B		VeriSign	OU=Class 1 Public Primary Certification Authority - G2	1024	1998-05-18 00:00:00	2028-08-01 23:59:59	Secure Email, Client Authentication
049811056AFE9FD0F5BE01685AACE6A5D1C4454C	3568D2627EE25268E706432DD6CB50A90BBE332072B146DD58BFF60377D696E1	C7429DC1F1FEFD8FDD6E9E8D69D3A192	B7576750944C163A48806EEAFF4CECE5FA555E5B		VeriSign	OU=Class 1 Public Primary Certification Authority - G2	1024	1998-05-18 00:00:00	2018-05-18 23:59:59	Secure Email, Client Authentication
8C96BAEBDD2B070748EE303266A0F3986E7CAE58	35AE5BDDD8F7AE635CFFBA5682A8F00B95F48462C7108EE9A0E5292B074AAFB2	F6C70CF8F93D3B237B27A3098939F5BC	E7CEC64FFC166796FA4AA307C104A7CB6ADEDA47		EBG Elektronik Sertifika Hizmet Saglayicisi	CN=EBG Elektronik Sertifika Hizmet Sağlayıcısı	4096	2006-08-17 00:21:09	2016-08-14 00:31:09	Server Authentication, Client Authentication, Code Signing, Secure Email
5A317659D4A48E3C178AD2A13E88B75849EAE10B	35D9F40DC8B554D03BCACF96A4E4295EEEBF6BA3E6D2E83C9F5F03645F0C8851	A5031F7352410D6FAE5740BB925B6A97	C09BC5230D02E1A64E486B1F00E9E39A141BB1AF		CC Signet RootCA	CN=CC Signet - RootCA	2048	2001-09-20 16:42:19	2026-09-21 15:42:19	Server Authentication, Client Authentication, Secure Email, Code Signing, Time Stamping, OCSP Signing, IP security IKE intermediate, IP security tunnel termination, IP security user
0CFD83DBAE44B9A0C8F676F3B570650B94B69DBF	36544D2FCE03C6C72B70EB1A8064264DC1511768C2D8F76A8B9F1F2BBD153B7D	5BE3DAA2D4BCFAE30E30423BED08EE91	8C4C1E370CB19FD2AC440B3ABE02CFF48D2D6695		ANCERT Corporaciones de Derecho Publico	CN=ANCERT Corporaciones de Derecho Publico	2048	2004-02-11 17:22:45	2024-02-11 17:22:45	Server Authentication, Client Authentication, Secure Email, Code Signing, IP security user, Time Stamping, OCSP Signing
323C118E1BF7B8B65254E2E2100DD6029037F096	37D51006C512EAAB626421F1EC8C92013FC5F82AE98EE533EB4619B8DEB4D06C	32CA72975B72FC7A20F015BAE259B248	2CD5504197158BF08F36615B4AFB6BD999C93392	1.3.6.1.4.1.14370.1.6	GeoTrust	CN=GeoTrust Primary Certification Authority	2048	2006-11-27 00:00:00	2036-07-16 23:59:59	Server Authentication, Client Authentication, Secure Email, Code Signing
BEB5A995746B9EDF738B56E6DF437A77BE106B81	37D8DC8AF7867845DA3344A6B1BADE448D8A80E47B5579F96BF631768F9F30F6	3C7359F5F8B57DDD72B1791AFE76A4E1	0FCA1E5C79E0A2F329B6D285B30B4AB565EC6B52		S-TRUST Authentication and Encryption Root CA 2005:PN	CN=S-TRUST Authentication and Encryption Root CA 2005:PN	2048	2005-06-22 00:00:00	2030-06-21 23:59:59	Server Authentication, Client Authentication, Code Signing, Secure Email, IP security tunnel termination, IP security user, IP security IKE intermediate, Time Stamping, Encrypting File System
8781C25A96BDC2FB4C65064FF9390B26048A0E01	39C75CAECEE8920C909F132491641350B57E2702A65A991545B01D1BE4A2220B	389BA01115AE6A0C14C90AF7CF20609F	60B585EC56647E121927671D50154B73AE3BF912		TDC OCES CA	CN=TDC OCES CA	2048	2003-02-11 08:39:30	2037-02-11 09:09:30	Server Authentication, Client Authentication, Secure Email, Time Stamping, OCSP Signing
879F4BEE05DF98583BE360D633E70D3FFE9871AF	39DF7B682B7B938F84715481CCDE8D60D8F22EC598877D0AAAC12B59182B0312	FC72535AF9563E960AE059FFA4CF0358	466F3AD5519683AC53E21C781E1DBA52120631A7		NetLock Uzleti (Class B) Tanusitvanykiado	CN=NetLock Uzleti (Class B) Tanusitvanykiado	1024	1999-02-25 14:10:22	2019-02-20 14:10:22	Server Authentication, Client Authentication, Secure Email, IP security user, IP security tunnel termination, Encrypting File System, Time Stamping
B3EAC44776C9C81CEAF29D95B6CCA0081B67EC9D	3A43E220FE7F3EA9653D1E21742EAC2B75C20FD8980305BC502CAF8C2D9B41A1	E3F462ED3ECDEAAAA9B9E1FD0CE384BC	1237BA4517EEAD2926FDC1CDFEBEEDF2DED9145C		VeriSign	OU=Class 2 Public Primary Certification Authority - G2	1024	1998-05-18 00:00:00	2028-08-01 23:59:59	Secure Email, Client Authentication, Code Signing
56E0FAC03B8F18235518E5D311CAE8C24331AB66	3B222E566711E992300DC0B15AB9473DAFDEF8C84D0CEF7D3317B4C1821D1436	3BFDB24669C90EEAD24237FC018A5671	50AFCC078715476F38C5B465D1DE95AAE9DF9CCC		SwissSign Platinum G2 Root CA	CN=SwissSign Platinum CA - G2	4096	2006-10-25 08:36:00	2036-10-25 08:36:00	Server Authentication, Client Authentication, Secure Email, Code Signing, Time Stamping
80BF3DE9A41D768D194B293C85632CDBC8EA8CF7	3CCC3CCFE45496D07B620DBF1328E8A1490018F48633C8A28A995CA60408B0BE	0896039B2AAA61D74B04B8193FDC5965	E9FA27E5ED4B217064D671AA7CE5821C30D20D7A		ComSign Advanced Security CA	CN=ComSign Advanced Security CA	4096	2004-03-24 21:52:04	2029-03-24 21:55:55	Server Authentication, Client Authentication, Secure Email, Code Signing
F825578F8F5484DFB40F81867C392D6CB0012B92	3DEAE6AE975284E0E6FA2EB76CE46E12441869A2A7D4E67DC7AB8664FEFDBBB0	20BFC4227A2A38CBDCD9FE53277D633D	4B3C8C1D85E96FAD		A-Trust Qual-01	CN=A-Trust-Qual-01	2048	2002-02-06 23:00:00	2005-02-06 23:00:00	Server Authentication, Client Authentication, Secure Email, Code Signing, Time Stamping, OCSP Signing
0563B8630D62D75ABBC8AB1E4BDFB5A899B24D43	3E9099B5015E8F486C00BCEA9D111EE721FABA355A89BCF1DF69561E3DC6325C	4F5F106930398D09107B40C3C7CA8F1C	45EBA2AFF492CB82312D518BA7A7219DF36DC80F		DigiCert	CN=DigiCert Assured ID Root CA	2048	2006-11-10 00:00:00	2031-11-10 00:00:00	Server Authentication, Client Authentication, Secure Email, Code Signing, Time Stamping
E19FE30E8B84609E809B170D72A8C5BA6E1409BD	3F06E55681D496F5BE169EB5389F9F2B8FF61E1708DF6881724849CD5D27CB69	54BD4B1200B597BB8D258C4BEE8F2ECD	C57B58BDEDDA2569D2F75916A8B332C07B275BF4	1.3.6.1.4.1.6449.1.2.1.5.1	Comodo Trusted Certificate Services	CN=Trusted Certificate Services	2048	2004-01-01 00:00:00	2028-12-31 23:59:59	Server Authentication, Client Authentication, Secure Email, Code Signing, Time Stamping
ED8DC8386C4886AEEE079158AAC3BFE658E394B4	3F9DA4744EC9676CD38B530E500A463FBCB18165977FF0DA6D5993C3FE5FAB7C	5DDB9A9837EFDD98417408844EF0915A	792D7396CEB27D5A730E87562931C528F2EDA55F	1.3.6.1.4.1.5237.1.1.6	Trustis EVS Root CA	OU=Trustis EVS Root CA	2048	2007-01-09 12:00:01	2027-01-09 11:56:00	Server Authentication, Client Authentication
5922A1E15AEA163521F898396A4646B0441B0FA9	41C923866AB4CAD6B7AD578081582E020797A6CBDF4FFF78CE8396B38937D7F5	CE023B3ADB8B98F3E23ED1C17C88B602	B3037EAE36BCB079D1DC9426B611BE21B2698694		OISTE WISeKey Global Root GA CA	CN=OISTE WISeKey Global Root GA CA	2048	2005-12-11 16:03:44	2037-12-11 16:09:51	Server Authentication, Client Authentication, Secure Email, Code Signing, Time Stamping
3A44735AE581901F248661461E3B9CC45FF53A1B	4200F5043AC8590EBB527D209ED1503029FBCBD41CA1B506EC27F15ADE7DAC69	6FCAACBD6BB85A4E692CD7D8D5D05406	AF4404C2417E4883DB4E3902ECEC847AE6CEC9A4	2.16.840.1.114404.1.1.2.4.1	Trustwave	CN=Secure Global CA	2048	2006-11-07 19:42:28	2029-12-31 19:52:06	Server Authentication, Client Authentication, Secure Email, Code Signing, Time Stamping
A8985D3A65E5E5C4B2D7D66D40C6DD2FB19C5436	4348A0E9444C78CB265E058D5E8944B4D84F9662BD26DB257F8934A443C70161	59779E39E21A2E3DFCED6857ED5C5FD9	03DE503556D14CBB66F0A3E21B1BC397B23DD155		DigiCert	CN=DigiCert Global Root CA	2048	2006-11-10 00:00:00	2031-11-10 00:00:00	Server Authentication, Client Authentication, Secure Email, Code Signing, Time Stamping
B172B1A56D95F91FE50287E14D37EA6A4463768A	43F257412D440D627476974F877DA8F1FC2444565A367AE60EDDC27A412531AE	61A5C39E6F0D29CC2DED14F4D69CE160	8982677DC49D2670004BB450487CDE3DAE046E7D		UTN - USERFirst-Client Authentication and Email	CN=UTN-USERFirst-Client Authentication and Email	2048	1999-07-09 17:28:50	2019-07-09 17:36:58	Secure Email, Client Authentication
7998A308E14D6585E6C21E153A719FBA5AD34AD9	4404E33B5E140DCF998051FDFC8028C7C81615C5EE737B111B588233A9B535A0	2FA8CB84A341477DF7DC0BF875472A18	693C0D541A48E9DB81A144B0C7360FEDBD3E4737		TURKTRUST Elektronik Sertifika Hizmet Saglayicisi	CN=TÜRKTRUST Elektronik Sertifika Hizmet Sağlayıcısı	2048	2005-05-13 10:27:17	2015-03-22 10:27:17	Server Authentication, Client Authentication, Secure Email, OCSP Signing
0B77BEBBCB7AA24705DECC0FBD6A02FC7ABD9B52	44640A0A0E4D000FBD574D2B8A07BDB4D1DFED3B45BAABA76F785778C7011961	359804ED8B374CF9D2F8030E5E2924D4	98E69D042E46A9CCE320AC942EB6991BC9AB2F91		VeriSign	OU=Class 4 Public Primary Certification Authority - G2	1024	1998-05-18 00:00:00	2028-08-01 23:59:59	Secure Email, Client Authentication, Code Signing, Server Authentication
7F88CD7223F3C813818C994614A89C99FA3B5247	4898B1749717A594A2030F47C83C272BD14BAE3DCEB2EAE382174EF2EC1C75C9	27BFE6E77AACEAD3B6547A88BF3541B6	01F0334C1AA1D9EE5B7BA9DE43BC027D570933FB		Microsoft Authenticode(tm) Root	CN=Microsoft Authenticode(tm) Root Authority	2048	1995-01-01 08:00:01	1999-12-31 23:59:59	Secure Email, Code Signing
21FCBD8E7F6CAF051BD1B343ECA8E76147F20F8A	4898C6888C0CFFB0D3E31ACA8A37D4E3515FF746D02635D86646CFA0A3185AE7	A6FB37D5EE24445EEB2F671579EC86E6	6C6401C7FD856DACC8DA9E50088508B53C56A850		TDC Internet Root CA	OU=TDC Internet Root CA	2048	2001-04-05 16:33:17	2021-04-05 17:03:17	Server Authentication, Client Authentication, Secure Email, Code Signing, Time Stamping, OCSP Signing
CFDEFE102FDA05BBE4C78D2E4423589005B2571D	49C8175A9815E08BEF129A929DE1BACAD04E4DB67A8C839293953E5031C81CA0	1C41B06950DF5353D589AE186673E640	733CBA038276E3E23E6BB942840C93427410D546		DST (National Retail Federation) RootCA	CN=DST (NRF) RootCA	2048	1998-12-11 16:14:16	2008-12-08 16:14:16	Secure Email, Server Authentication
A3E31E20B2E46A328520472D0CDE9523E7260C6D	49F74F824F2E059FE99C98AF3219EC0D9A004D1B64DD2FD1452616318AB806C0	88812B105B8368CAB02A2B776A571CCB	4CD762CE894EDE24		DST (Baltimore EZ) CA	CN=Baltimore EZ by DST	2048	1999-07-06 20:56:53	2009-07-03 19:56:53	Secure Email, Server Authentication
54F9C163759F19045121A319F64C2D0555B7E073	4BDB7418BDF7FFE33BA0884AFA7C0C61FD85A153972F65F7D01CB3EC7EB4073C	406F3A7AF30EFECCFDB82C7A0574D125	5742922662488B58CF630200986B296006FFD7C3		Certisign Autoridade Certificadora AC4	OU=Certisign - Autoridade Certificadora - AC4	1024	1999-06-27 00:00:00	2018-06-27 00:00:00	Secure Email, Server Authentication
E70715F6F728365B5190E271DEE4C65EBEEACAF3	4DBB0157A691FA7382289D65C0332DDB1DCB640B40AD10F010A43E20F3AFED1E	D8C7ED4FF913389A2DCFD699CD9BDE4F	65CD574EBB9DD3FFA6BCBB79209DE9E04653ED0B		Austria Telekom-Control Kommission	CN=Telekom-Control-Kommission Top 1	2048	2002-09-24 12:40:00	2005-09-24 12:40:00	Server Authentication, Client Authentication, Secure Email, OCSP Signing
8E1032E9245944F84791983EC9E829CB1059B4D3	4E7480AD702A379DC589ADB4FAA625E6A5993F87EF2375D5437FFE3B79BE4E96	4DD0D3AA9703F33198D92C21AEA633B6	348F9F731FF1B7D7346380AD72D8FFFFB5201666		Austrian Society for Data Protection	O=Arge Daten Oesterreichische Gesellschaft fuer Datenschutz	1024	2001-02-12 11:30:30	2009-02-12 11:30:30	Server Authentication, OCSP Signing
F9CD0E2CDA7624C18FBDF0F0ABB645B8F7FED57A	507941C74460A0B47086220D4E9932572AB5D1B5BBCB8980AB1CB17651A844D2	FE608AF523AF52C9D92EFD36B0B10C62	C14BED70B6F73E7C003B008FC73E0E459F1E5DEC		ComSign Secured CA	CN=ComSign Secured CA	2048	2004-03-24 11:37:20	2029-03-16 15:04:56	Server Authentication, Client Authentication, Secure Email, Code Signing
7030AABF8432A800666CCCC42A887E42B7553E2B	527A42267DAEA8D8F54E91D282D5C25B615BC0DC73DC63A58F916C4ED5BF59AC	1D3913B4FF95C9C8DB31FEEBCDFA4DA8	3976132292EB02D955882CB45A64F23BBE8C662C		eSign Australia: eSign Imperito Primary Root CA	CN=eSign Imperito Primary Root CA	2048	2002-05-24 00:00:00	2012-05-23 23:59:59	Server Authentication, Client Authentication, Secure Email, Time Stamping
90DEDE9E4C4E9F6FD88617579DD391BC65A68964	527B050527DF529C0F7AD00CEF1E7BA421788182615C326C8B6D1A2061A0BD7C	1C21B497C51BC3D0F37B48E65E61FB3D	E5A17BF4873350D81E82B796399F1E5160FB2E1E		GTE CyberTrust Root	CN=GTE CyberTrust Root	1024	1996-02-23 23:01:00	2006-02-23 23:59:00	Secure Email, Client Authentication, Server Authentication
4BA7B9DDD68788E12FF852E1A024204BF286A8F6	52ED78A56D6D1CB52D821D1A66593B9F81ADE594E1B9828410539FA53B7E6581	5747E7CB0B60E38618E25514E801C8CD	D06394ED80090B279FE04FB6FB5C27B20657B084		CW HKT SecureNet CA Root	O=C&W HKT SecureNet CA Root	2048	1999-06-30 00:00:00	2010-10-15 23:59:00	Secure Email, Server Authentication
7F8A77836BDC6D068F8B0737FCC5725413068CA4	5607E260163F49C8EA4175A1C0A53B13195CB7D07845611E943A2FF507036834	721D9126E33B0C4C9360D1FCBB7B5A66	FC884C8E6D04A12090D3F81C9AB367045F7980C6		Autoridad de Certificacion de la Abogacia	CN=Autoridad de Certificacion de la Abogacia	2048	2005-06-13 22:00:00	2030-06-13 22:00:00	Server Authentication, Client Authentication, Code Signing, Secure Email, Time Stamping
C0DB578157E9EE82B5917DF0DD6D82EE9039C4E2	56CE347CC6DF4C35943DFDEAEE023F9739A3F1CEDEEE0CD88DC2386BC8A91EAF	223601CEEEDB7F67836CB063BBDCD21E	FDD158434B4F310F675E3F786F6EC65F6DB51209		TURKTRUST Elektronik Islem Hizmetleri	CN=TÜRKTRUST Elektronik İşlem Hizmetleri	2048	2005-11-07 12:13:05	2015-09-16 12:13:05	Server Authentication, Client Authentication, Secure Email, OCSP Signing
209900B63D955728140CD13622D8C687A4EB0085	57014F3CBE1782AA9B7921C5E3A95AFD26D5727D9475D0142E6B6D27798133C0	2BFD9A70E6D47B22A9CEC7DFEF7A3977	7249C27334C655F40B7672817E77F487E7C6B20E		thawte	CN=Thawte Personal Freemail CA	1024	1996-01-01 00:00:00	2020-12-31 23:59:59	Client Authentication, Secure Email
317A2AD07F2B335EF5A1C34E4B57E8B7D8F1FCA6	58D017279CD4DC63ABDDB196A6C9906C30C4E08783EAE8C1609954D69355596B	5959DDBC9C7632BA0A05F06316846FE6	A848B4242FC6EA24A0D78E3CB93C5C78D79833E4	2.16.840.1.114413.1.7.23.3, 2.16.840.1.114414.1.7.23.3	Starfield Technologies	CN=http://www.valicert.com/	1024	1999-06-26 00:19:54	2019-06-26 00:19:54	Secure Email, Server Authentication
0409565B77DA582E6495AC0060A72354E64B0192	5A1B5D6BC65523B40A6DEFFA45B48E4288AE8DD86DD70A5B858D4A5AFFC94F71	5C7A55371767347A9694F941EC54EF68	48201C620D585225		Halcom CA FO	CN=Halcom CA FO	2048	2005-06-05 10:33:31	2020-06-05 10:33:31	Server Authentication, Client Authentication, Code Signing, Secure Email, IP security tunnel termination, IP security user, IP security IKE intermediate, Time Stamping, Encrypting File System, Document Signing, OCSP Signing
CFF360F524CB20F1FEAD89006F7F586A285B2D5B	5A8BC466F676CE097CED3A7DEEC6BAEC2C4C864006421A4F23D7F024B6253A8F	E3F462ED3ECDEAAAA9B9E1FD0CE384BC	1237BA4517EEAD2926FDC1CDFEBEEDF2DED9145C		VeriSign	OU=Class 2 Public Primary Certification Authority - G2	1024	1998-05-18 00:00:00	2018-05-18 23:59:59	Secure Email, Client Authentication, Code Signing
18F7C1FCC3090203FD5BAA2F861A754976C8DD25	5B789987F3C4055B8700941B33783A5F16E0CFF937EA32011FE04779F7635308	4FF7DB56D0FD88A19FE3BA8BC00E0662	3EDF290CC1F5CC732CEB3D24E17E52DABD27E2F0		VeriSign Time Stamping CA	OU=VeriSign, Inc.	1024	1997-05-12 00:00:00	2004-01-07 23:59:59	Time Stamping
342CD9D3062DA48C346965297F081EBC2EF68FDC	5E3571F33F45A7DF1537A68B5FFB9E036AF9D2F5BC4C9717130DC43D7175AAC7	1192521F603757330616801F18AA5F0D	C001D5E0781F2F743AE3EBC02152A604EE26CBA4		Austrian Society for Data Protection GLOBALTRUST Certification Service	CN=GLOBALTRUST	4096	2006-08-07 14:12:35	2036-09-18 14:12:35	Server Authentication, Client Authentication, Code Signing, Secure Email, IP security tunnel termination, IP security user, IP security IKE intermediate, Time Stamping, Encrypting File System, Document Signing, OCSP Signing
7E784A101C8265CC2DE1F16D47B440CAD90A1945	5F0B62EAB5E353EA6521651658FBB65359F443280A4AFBD104D77D10F9F04C07	D06BC27453AA4F6D586437E5D3B37798	BEA8A07472506B44B7C923D8FBA8FFB3576B686C		Equifax Secure Global eBusiness CA-1	CN=Equifax Secure Global eBusiness CA-1	1024	1999-06-21 04:00:00	2020-06-21 04:00:00	Secure Email, Server Authentication, Code Signing
CF74BFFF9B86815B08335440363E87B6B6F0BF73	5F641B5E8CB5BBD123F59548318CF037D7F9AEFD5E46B5F8169F5174A796B46B	7DC7ADD2D41E7D7844F5FDEA34382573	848B74FDC58DC0FF276D2037457CFE2DCEBAD37D		Entrust	CN=Entrust.net Client Certification Authority	1024	2000-02-07 16:16:40	2020-02-07 16:46:40	Server Authentication, Client Authentication, Secure Email
CABB51672400588E6419F1D40878D0403AA20264	5F960EEBD716DBCB4D8A78B996E680EC2547441E69B4E44E98A595502E28A002	2D3477D78AFCA49A78BF733652ECC9B2	D16979E28A65374D9148B42E43D06AA7A3167058		Japan Certification Services, Inc. SecureSign RootCA1	CN=SecureSign RootCA1	2048	1999-09-15 15:00:01	2020-09-15 14:59:59	Secure Email, Server Authentication
20CB594FB4EDD895763FD5254E959A6674C6EEB2	606223D9DB80DF3939601E74B7E828E2800CCE4273F76F276AA62DB0A8E3B6C1	2DF0E62014C850544C70259C2C001974	166732F4685E683147DBEDECCE612E9A2446C47D		MOGAHA Govt of Korea GPKI	CN=GPKIRootCA	2047	2007-03-15 06:00:04	2017-03-15 06:00:04	Server Authentication, Client Authentication, Code Signing, Secure Email, Time Stamping, Encrypting File System, Document Signing, OCSP Signing
720FC15DDC27D456D098FABF3CDD78D31EF5A8DA	614FD18DA1490560CDAD1196E2492AB7062EAB1A67B3A30F1D0585A7D6BA6824	D4C7FA8E020A4A0885E10FA9969C1E78	EEC7AAE01BB942422F80752AF47572F21EB50A20		TC TrustCenter Class 1 CA	OU=TC TrustCenter Class 1 CA	1024	1998-03-09 11:59:59	2011-01-01 11:59:59	Secure Email, Server Authentication
3F85F2BB4A62B0B58BE1614ABB0D4631B4BEF8BA	61DC0C0391694C655200C1505EBCC9E4E216BC31A5C51A3611283423C1D89E37	359804ED8B374CF9D2F8030E5E2924D4	98E69D042E46A9CCE320AC942EB6991BC9AB2F91		VeriSign	OU=Class 4 Public Primary Certification Authority - G2	1024	1998-05-18 00:00:00	2018-05-18 23:59:59	Secure Email, Client Authentication, Code Signing, Server Authentication
43F9B110D5BAFD48225231B0D0082B372FEF9A54	62B9267266212832A8E22DAB933D91C7011274ACF71703F9CC97833751A6E94F	5BDABD1D5EE71181DB240B589F26AAE9	409A7644977407C4AC14CB1E8D4F3A457C30D761		Fabrica Nacional de Moneda y Timbre	OU=FNMT Clase 2 CA	1024	1999-03-18 14:56:19	2019-03-18 15:26:19	Secure Email, Server Authentication
D8C5388AB7301B1B6ED47AE645253A6F9F1A2761	62DD0BE9B9F50A163EA0F8E75C053B1ECA57EA55C8688F647C6881F2C8357B95	510D863C072AD3845EA3E960BF4D75EC	5B257B96A465517EB839F3C078665EE83AE7F0EE		SwissSign Gold G2 Root CA	CN=SwissSign Gold CA - G2	4096	2006-10-25 08:30:35	2036-10-25 08:30:35	Server Authentication, Client Authentication, Secure Email, Code Signing
99A69BE61AFE886B4D2B82007CB854FC317E1539	62F240278C564C4DD8BF7D9D4F6F366EA894D22F5F34D989A983ACEC2FFFED50	F54C52EDB8CA5E997A8652CB204D7D1B	F0176213553DB3FF0A006BFB508497F3ED62D01A	2.16.840.1.114028.10.1.2	Entrust	CN=Entrust.net Secure Server Certification Authority	1024	1999-05-25 16:09:40	2019-05-25 16:39:40	Server Authentication, Client Authentication, Code Signing, Secure Email, IP security tunnel termination, IP security user, IP security IKE intermediate, Time Stamping, Encrypting File System
81968B3AEF1CDC70F5FA3269C292A3635BD123D3	630419AEC478CBB4BB8083DE9D9CF279752F039DEF16E46471B679CA93002DB0	69BC15C2279417A1CC1994169507AEDC	6A797E91694618130A0277A5595B6098250EA2F8		DSTCA E1	OU=DSTCA E1	1024	1998-12-10 18:10:23	2018-12-10 18:40:23	Secure Email, Server Authentication
CB658264EA8CDA186E1752FB52C397367EA387BE	6639D13CAB85DF1AD9A23C443B3A60901E2B138D456FA71183578108884EC6BF	170973D34C561A43ED1D9EDE85D42742	3BE1811BA0AB3F3B2182D5E212AEAE50AB14A513		Echoworx Root CA2	CN=Echoworx Root CA2	2048	2005-10-06 10:49:13	2030-10-07 10:49:13	Client Authentication, Secure Email, Document Signing
C73026E325FE21916B55C4B53A56B13DCAF3D625	67EC2059FBF52D2E6AB51A5A9B3FC2E1DCD658A1EF3A8F31107BC98028B494A2	551608D0BCFD1611A1AC764CAEA365F9	81B7A5CA241A15350B9DFDB52C0D72B072B98B15		eSign Australia: Gatekeeper Root CA	CN=Gatekeeper Root CA	2048	2002-05-24 00:00:00	2014-05-23 23:59:59	Server Authentication, Client Authentication, Secure Email, Time Stamping
4F65566336DB6598581D584A596C87934D5F2AB4	6872586219C349D85AAA4586A14451F2451AE3B6092DBB1EFFB0147C33BF0FD4	27B3517667331CE2C1E74002B5FF2298	E27F7BD877D5DF9E0A3F9EB4CB0E2EA9EFDB6977		VeriSign	OU=Class 3 Public Primary Certification Authority	1024	1996-01-29 00:00:00	2004-01-07 23:59:59	Secure Email, Client Authentication, Code Signing, Server Authentication
8EFDCABC93E61E925D4D1DED181A4320A467A139	687EA89089309D2CFE107DB059FB10D676F45D3283AEE056903EEA0CF3C188F8	99985D6FAB10A36A0FBBB689B865E91A	8AFAF157841113359042FA574954690DA4C4F037		Autoridade Certificadora Raiz Brasileira	CN=Autoridade Certificadora Raiz Brasileira	2048	2001-11-30 12:58:00	2011-11-30 23:59:00	Server Authentication, Client Authentication, Secure Email, Code Signing, Time Stamping
70179B868C00A4FA609152223F9F3E32BDE00562	69FAC9BD55FB0AC78D53BBEE5CF1D597989FD0AAAB20A25151BDF1733EE7D122	5D12CC6FB890123CC36741BE09698EAD	1538830F3F2C3F70331ECD46FE078C20E0D7C3B7		Visa eCommerce Root	CN=Visa eCommerce Root	2048	2002-06-26 02:18:36	2022-06-24 00:16:12	Server Authentication, Client Authentication, Secure Email, OCSP Signing
BE36A4562FB2EE05DBB3D32323ADF445084ED656	6B6C1E01F590F5AFC5FCF85CD0B9396884048659FC2C6D1170D68B045216C3FD	6454A4AA36F9B5CC8338E5A67FABFF17	DDBCBD869C3F07ED40E31B08EFCEC4D188CD3B15		thawte	CN=Thawte Timestamping CA	1024	1997-01-01 00:00:00	2020-12-31 23:59:59	Time Stamping
F0BB01D1D83198516A4FF16D8AB5EFAB74C7CCA3	6BF5533D0DDEAF023D58E401277C26442B1F1AF1A0F2DBBD9B2E3BA3A292FB23	D2FBCAC049A5A76BAFBB4061772F31CF	8868BFE08E35C43B386B62F7283B8481C80CD74D	2.16.528.1.1001.1.1.1.12.6.1.1.1	DigiNotar Root CA	CN=DigiNotar Root CA	4096	2007-05-14 16:27:01	2027-05-14 16:27:01	Server Authentication, Client Authentication, Code Signing, Secure Email, IP security tunnel termination, IP security user, OCSP Signing, Encrypting File System
4AD44D4D812E42232FE038764C7B0CEB466EEF96	6CF5F658436D10507EBA9DF463987480BC8560A8E26EF4691E1D3C9A878A0952	17D5B2A8C1A0942BFFCF26D15019B954	77D829DAF44068B64D9486FBD442AB42CA8F1FA8		KMD-CA Server	CN=KMD-CA Server	2048	1998-10-16 19:19:21	2018-10-12 19:19:21	Server Authentication, Client Authentication, Secure Email
B6CA215B836C35101DAF7463900A936880767AA6	6D3795731A95F8B8A471B9AAE5C4F05691B1C11A140FD4B981AD891C367FAFD3	36D315B44CD11CD10D3FA74AD7868EC6	7962EA9A1238D89C63EC389F0EC5BE0E5421283D		KMD-CA K Person	CN=KMD-CA Kvalificeret Person	2048	2000-11-21 23:24:59	2015-11-22 23:24:59	Client Authentication, Secure Email
B6AF5BE5F878A00114C3D7FEF8C775C34CCD17B6	6E53998FDF84506BCE038B23B47EFC756BA19C59B090C3979B6A4E4414780C1B	445B206FBEC4A126FC72F98E179F2851	1905F77CE1CE4EF0A089D8D3ABCE7D4E18E39CB1		Autoridad Certificadora de la Asociacion Nacional del Notariado	CN=Autoridad Certificadora de la Asociacion Nacional del Notariado Mexicano, A.C.	2048	1999-06-28 18:53:00	2009-06-28 18:53:00	Secure Email, Server Authentication
76B76096DD145629AC7585D37063C1BC47861C8B	6E5E93AE867FD3E3E78304E054D1A6AEAED0295D58C0E3FC4C9FFE310A3488CC	75623718D69408CE646CF0D6568B1684	1E2C4BF9EC66A61E925F877903EDD5C295B79583		U.S. Government FBCA	CN=Common Policy	2048	2004-10-06 18:45:09	2010-10-06 18:53:56	Server Authentication, Client Authentication, Secure Email, Code Signing, Time Stamping, OCSP Signing
0483ED3399AC3608058722EDBC5E4600E3BEF9D7	6EA54741D004667EED1B4816634AA3A79E6E4B96950F8279DAFC8D9BD8812137	903678FF03ADABBADC6420298D4E5064	A1725F261B289843955D0737D585969D4BD2C345	1.3.6.1.4.1.6449.1.2.1.5.1	UTN - USERFirst-Hardware	CN=UTN-USERFirst-Hardware	2048	1999-07-09 18:10:42	2019-07-09 18:19:22	Server Authentication
245C97DF7514E7CF2DF8BE72AE957B9E04741E85	6EF914723F089D2ADAFF98D470A3651CCF1768E559FBDCC0FAAA640AA12E5753	D1D6C55A7F592938D957BC5DBF9002ED	344F302D25693191EAF7735CABF5868D378240EC		Microsoft Timestamp Root	OU=Microsoft Corporation	1024	1997-05-13 16:12:59	1999-12-30 23:59:59	Time Stamping
027268293E5F5D17AAA4B3C3E6361E1F92575EAA	6FDB3F76C8B801A75338D8A50A7C02879F6198B57E594D318D3832900FEDCD79	3487474863DCB8B2580DA1D1103CF468	BFB627D8035A76654C6101415631E58B7B3AD9CC		KISA RootCA 1	CN=KISA RootCA 1	2048	2005-08-24 08:05:46	2025-08-24 08:05:46	Server Authentication, Client Authentication, Secure Email, Code Signing, Time Stamping, OCSP Signing
E12DFB4B41D7D9C32B30514BAC1D81D8385E2D46	6FFF78E400A70C11011CD85977C459FB5AF96A3DF0540820D0F4B8607875E58F	F919B9CCCE1E59C2E785F7DC2CCF6708	DAED6474149C143CABDD99A9BD5B284D8B3CC9D8		UTN - USERFirst-Object	CN=UTN-USERFirst-Object	2048	1999-07-09 18:31:20	2019-07-09 18:40:36	Code Signing, Time Stamping
6372C49DA9FFF051B8B5C7D4E5AAE30384024B9C	730B619EAA759863C65360B7412E1457ECA96844EF2F16D91FCF2EFE46A647E9	4265431AEA4FAE69C7B4C44599469EE2	4A1B2A041E27459E		KeyMail PTT Post Root CA	CN=PTT Post Root CA	2048	1999-07-01 14:51:48	2019-06-26 13:51:48	Secure Email, Server Authentication
B38FECEC0B148AA686C3D00F01ECC8848E8085EB	739710C5245E33EC8A243A1B20048FC9D5F4528599213845C164D004B8B667F9	9CBB081C0453C21E3F203D3B86610DAB	8E45F49F73C5FF2F1B05DB0147601B038A81B7BA		DIRECCION GENERAL DE LA POLICIA	CN=AC RAIZ DNIE	4096	2006-02-16 10:37:25	2036-02-08 22:59:59	Server Authentication, Client Authentication, Secure Email, Code Signing, Time Stamping, OCSP Signing
B31EB1B740E36C8402DADC37D44DF5D4674952F9	73C176434F1BC6D5ADF45B0E76E727287C8DE57616C1E6E6141A2B2CBC7D8E4C	5BF364BFA439F0B0B5487931C26C8A95	6890E467A4A65380C78666A4F1F74B43FB84BD6D	2.16.840.1.114028.10.1.2	Entrust	CN=Entrust Root Certification Authority	2048	2006-11-27 20:23:42	2026-11-27 20:53:42	Server Authentication, Client Authentication, Code Signing, Secure Email, IP security tunnel termination, IP security user, IP security IKE intermediate, Time Stamping, Encrypting File System
5FB7EE0633E259DBAD0C4C9AE6D38F1A61C7DC25	7431E5F4C3C1CE4690774F0B61E05440883BA9A01ED00BA6ABD7806ED3B118CF	8F76B981D528AD4770088245E2031B63	B13EC36903F8BF4701D498261A0802EF63642BC3	2.16.840.1.114412.2.1	DigiCert	CN=DigiCert High Assurance EV Root CA	2048	2006-11-10 00:00:00	2031-11-10 00:00:00	Server Authentication, Client Authentication, Secure Email, Code Signing, Time Stamping
7FB9E2C995C97A939F9E81A07AEA9B4D70463496	74CB3A4EA791AFB0A2D1A0B13301B3BEE0E50AD5C79A1A6F2C663E6F4EE7A484	32AF1AC7980CAC058D4C3EBD2270FDB0	1EF8D4536BB38306E904065702F9A5BFC6583C72		Sigov-CA	OU=sigov-ca	2048	2001-01-10 13:52:52	2021-01-10 14:22:52	Server Authentication, Client Authentication, Code Signing, Secure Email, Time Stamping, Encrypting File System, Document Signing, OCSP Signing
679A4F81FC705DDEC419778DD2EBD875F4C242C6	75C9D4361CB96E993ABD9620CF043BE9407A4633F202F0F4C0E17851CC6089CD	6B670342A58CD113080B131141277B90	423D2B24A6C145CE		A-Trust-Qual-02	CN=A-Trust-Qual-02	2048	2004-12-02 23:00:00	2014-12-02 23:00:00	Server Authentication, Client Authentication, Secure Email, Code Signing, Time Stamping, Encrypting File System, IP security tunnel termination, IP security user, IP security IKE intermediate, OCSP Signing
F48B11BFDEABBE94542071E641DE6BBE882B40B9	7600295EEFE85B9E1FD624DB76062AAAAE59818A54D2774CD4C0B2C01131E1B3	4C6FCD1D6CF75D100F89AA6EEC7BABEC	CCCCEFCC2960A43BB192B63CFA32628FAC25153B		TW Government Root Certification Authority	O=Government Root Certification Authority	4096	2002-12-05 13:23:33	2032-12-05 13:23:33	Server Authentication, Client Authentication, Secure Email, Code Signing, Time Stamping
4054DA6F1C3F4074ACED0FECCDDB79D153FB901D	767C955A76412C89AF688E90A1C70F556CFD6B6025DBEA10416D7EB6831F8C40	0330AC1D21E20DDEA5F70BBA51F5C55A	0972064E18430FE5D6CCC36A8B317B788FA883B8		DST ACES CA X6	CN=DST ACES CA X6	2048	2003-11-20 21:19:58	2017-11-20 21:19:58	Secure Email, Server Authentication
9FC796E8F8524F863AE1496D381242105F1B78F5	76EF4762E573206006CBC338B17CA4BC200574A11928D90C3EF31C5E803E6C6F	5DFAED54D44910180EEB364184462BBD	A9314EBD43E47DFE1FCA879A030D53EC0279DF40		TC TrustCenter Class 3 CA	OU=TC TrustCenter Class 3 CA	1024	1998-03-09 11:59:59	2011-01-01 11:59:59	Secure Email, Server Authentication
3921C115C15D0ECA5CCB5BC4F07D21D8050B566A	77407312C63A153D5BC00B4E51759CDFDAC237DC2A33B67946E98E9BFA680AE3	84CCA4BD69D41035B3455E859FA2A692	00ADD9A3F679F66E74A97F333D8117D74CCF33DE		America Online Root Certification Authority 1	CN=America Online Root Certification Authority 1	2048	2002-05-28 06:00:00	2037-11-19 20:43:00	Server Authentication, Client Authentication, Secure Email, Code Signing, Time Stamping, Encrypting File System, IP security tunnel termination, IP security user, IP security IKE intermediate
A5EC73D48C34FCBEF1005AEB85843524BBFAB727	7803A2389C92335D92119305FBDA99D6F90F0E84B628934F69D2AB9ACC8568BE	FA29F3B52167595ACF939E9E6656352F	42C657693968282ED54C164057DF9D344CD69790		VeriSign	OU=Class 2 Public Primary Certification Authority	1024	1996-01-29 00:00:00	2004-01-07 23:59:59	Secure Email, Client Authentication, Code Signing
37F76DE6077C90C5B13E931AB74110B4F2E49A27	7908B40314C138100B518D0735807FFBFCF8518A0095337105BA386B153DD927	625360A7919F082C680B8689F2A83A7F	4AA0AA5884D35E3C		Sonera Class2 CA	CN=Sonera Class2 CA	2048	2001-04-06 07:29:40	2021-04-06 07:29:40	Server Authentication, Client Authentication, Secure Email, Code Signing
D3C063F219ED073E34AD5D750B327629FFD59AF2	793CBF4559B9FDE38AB22DF16869F69881AE14C4B0139AC788A78A1AFCCA02FB	ADA9A6C329EDF485B7342EE74411FC3D	446A95675579114F		A-Trust-nQual-03	CN=A-Trust-nQual-03	2048	2005-08-17 22:00:00	2015-08-17 22:00:00	Server Authentication, Client Authentication, Secure Email, Code Signing, Time Stamping, Encrypting File System, IP security tunnel termination, IP security user, IP security IKE intermediate, OCSP Signing
97E2E99636A547554F838FBA38B82E74F89A830A	797E51F883E855D021E5C770566692999407895593235DEF52A011F716F8B6BF	7173FA7247886438EB10B0F4E8A0CC18	1A21B4952B6293CE18B365EC9C0E934CB381E6D4		VeriSign	OU=Class 3 Public Primary Certification Authority - G2	1024	1998-05-18 00:00:00	2018-05-18 23:59:59	Secure Email, Client Authentication, Code Signing, Server Authentication
B72FFF92D2CE43DE0A8D4C548C503726A81E2B93	7B1A15D7E5E130C579E68FCA189257F837B5C188F1B2B2A791E967CC88CC6528	8D9C8B124CD347A7EDEBC2AAD47B4048	1DEA652C00EDA3222321F906DE8E78C082130D2F		DST RootCA X1	CN=DST RootCA X1	2048	1998-12-01 18:18:55	2008-11-28 18:18:55	Secure Email, Server Authentication
51A44C28F313E3F9CB5E7C0A1E0E0DD2843758AE	7B1F8D8EFF5D7349FEDB7EAE89C29AACC41704F1503AE3C8C2EBA10225D0F568	072789E3D51B763C9FC827965535F4D9	4E59CEC702328730		A-Trust-nQual-01	CN=A-Trust-nQual-01	2048	2004-11-30 23:00:00	2014-11-30 23:00:00	Server Authentication, Client Authentication, Secure Email, Code Signing, Time Stamping, Encrypting File System, IP security tunnel termination, IP security user, IP security IKE intermediate, OCSP Signing
85B5FF679B0C79961FC86E4422004613DB179284	7D3B465A6014E526C0AFFCEE2127D2311727AD811C26842D006AF37306CC80BD	0A85B12F8C3BF170C185BC535354839B	4D45C16838BB73A969A120E7EDF522A12314D79E		America Online Root Certification Authority 2	CN=America Online Root Certification Authority 2	4096	2002-05-28 06:00:00	2037-09-29 14:08:00	Server Authentication, Client Authentication, Secure Email, Code Signing, Time Stamping, Encrypting File System, IP security tunnel termination, IP security user, IP security IKE intermediate
6A174570A916FBE84453EED3D070A1D8DA442829	7D8CE822222B90C0B14342C7A8145D1F24351F4D1A1FE0EDFD312EE73FB00149	30B22D8397645296B62517C8415E882D	232EDFE981B4D084FD8EBBA9DDF90CA3E3F34953		CertPlus Class 1 Primary CA	CN=Class 1 Primary CA	2048	1999-07-07 17:01:00	2020-07-06 23:59:59	Secure Email, Server Authentication
ACED5F6553FD25CE015F1F7A483B6A749F6178C6	7F12CD5F7E5E290EC7D85179D5B72C20A5BE7508FFDB5BF81AB9684A7FC9F667	4573D6AD0DE444CB4A4FA04288B87A37	4B69794C0BE5EB3A57047A68A870BEECCA0C7636		NetLock Kozjegyzoi (Class A) Tanusitvanykiado	CN=NetLock Kozjegyzoi (Class A) Tanusitvanykiado	2048	1999-02-24 23:14:47	2019-02-19 23:14:47	Server Authentication, Client Authentication, Secure Email, IP security user, IP security tunnel termination, Encrypting File System, Time Stamping
11C5B5F75552B011669C2E9717DE6D9BFF5FA810	8177D1A82BA501AFDD1E9483AD7DA912EE1E9FCB2A5A061FA3C479FA804CE6BA	372085045A12BD1D52518CCCF0726218	EC579FC876226FCC3AAE5BF02DA16258D18D02CC		ANCERT Certificados CGN	CN=ANCERT Certificados CGN	2048	2004-02-11 17:27:12	2024-02-11 17:27:12	Server Authentication, Client Authentication, Secure Email, Code Signing, IP security user, Time Stamping, OCSP Signing
85371CA6E550143DCE2803471BDE3A09E8F8770F	83CE3C1229688A593D485F81973C0F9195431EDA37CC5E36430E79C7A888638B	7173FA7247886438EB10B0F4E8A0CC18	1A21B4952B6293CE18B365EC9C0E934CB381E6D4		VeriSign	OU=Class 3 Public Primary Certification Authority - G2	1024	1998-05-18 00:00:00	2028-08-01 23:59:59	Secure Email, Client Authentication, Code Signing, Server Authentication
CA3AFBCF1240364B44B216208880483919937CF7	85A0DD7DD720ADB7FF05F83D542B209DC7FF4528F7D677B18389FEA5E5C49E86	F29E817AA01D4827FF28A6DA2CBE15BD	1A8462BC484C332504D4EED0F603C41946D1946B	1.3.6.1.4.1.8024.0.2.100.1.2	QuoVadis Root CA 2	CN=QuoVadis Root CA 2	4096	2006-11-24 18:27:00	2031-11-24 18:23:33	Server Authentication, Client Authentication, Secure Email, Code Signing, Time Stamping, OCSP Signing
0048F8D37B153F6EA2798C323EF4F318A5624A9E	85E0DFAE3E55A843195F8B08C8349050E4689372F6E133AD0D199AF96E95CC08	DDF98D7E5575F4E321D07A0EC4EA1AE0	A4A5D4D15FA0C9A84B208DAC4B71645DD1C61850		Certisign Autoridade Certificadora AC1S	OU=Certisign Autoridade Certificadora AC1S	1024	1999-06-27 00:00:00	2018-06-27 00:00:00	Secure Email, Server Authentication
58119F0E128287EA50FDD987456F4F78DCFAD6D4	85FB2F91DD12275A0145B636534F84024AD68B69B8EE88684FF711375805B348	FA6BBD4F1DF0B2D1E5562C770867E2BB	5332D1B3CF7FFAE0F1A05D854E92D29E451DB44F	1.3.6.1.4.1.6449.1.2.1.5.1	UTN - DATACorp SGC	CN=UTN - DATACorp SGC	2048	1999-06-24 18:57:21	2019-06-24 19:06:30	Secure Email, Server Authentication
939AAC108CF255371F489062A97CEC647DA30FE6	86F608536D2DCD7284E36F05F75AB17C54B7220B62CA40244FCF4B578CBA2D71	F6026D907F39EBD254D654C0C5A71F39	6FC043547292F7DB2CA8ADB803BFD0A35209E5A5		Belgacom E-Trust Root CA for Qualified Certificates	CN=Belgacom E-Trust Root CA for qualified certificates	2048	2001-08-10 08:34:46	2021-08-10 07:34:46	Server Authentication, Client Authentication, Secure Email, Code Signing, Time Stamping, OCSP Signing
28903A635B5280FAE6774C0B6DA7D6BAA64AF2E8	88497F01602F3154246AE28C4D5AEF10F1D87EBB76626F4AE0B7F95BA7968799	3475B6AE07580528B505A98D7F0FE1F4	A0C38B44AA37A545BF97805AD1F178A29BE95D8D		Agencia Catalana de Certificacio (NIF Q-0801176-I)	CN=EC-ACC	2048	2003-01-07 23:00:00	2031-01-07 22:59:59	Server Authentication, Client Authentication, Secure Email, Code Signing, Time Stamping, OCSP Signing
CDD4EEAE6000AC7F40C3802C171E30148030C072	885DE64C340E3EA70658F01E1145F957FCDA27AABEEA1AB9FAA9FDB0102D4077	F0C402F0404EA9ADBF25A03DDF2CA6FA	0EAC826040562797E52513FC2AE10A539559E4A4		Microsoft Root Certificate Authority	CN=Microsoft Root Certificate Authority	4096	2001-05-09 23:19:22	2021-05-09 23:28:13	
0456F23D1E9C43AECB0D807F1C0647551A05F456	894CE6DDB012CB3F736954668DE63F436080E95F17B7A81BD924EB21BEE9E440	7E7FA502A4159013063C9DB3E57C8A8C	CCBBBB86D66FF8BEB4472277B3B6ADD70159964D		NLB Nova Ljubljanska Banka d.d. Ljubljana	O=ACNLB	2048	2003-05-15 11:52:45	2023-05-15 12:22:45	Server Authentication, Client Authentication, Code Signing, Secure Email, Time Stamping, Encrypting File System, Document Signing, OCSP Signing
270C500CC6C86ECB1980BC1305439ED282480BE3	8A968AADD88B20519672A452A3D6E31EACB71C26BCAF65B32F9793BF2FFA54A9	C15DFA2F24B4FABFEEFD1EE986FC5733	60C2F7A4BA00D21F77627825F066FF520021EF7A		Japanese Government, MPHPT Certification Authority	OU=MPHPT	2048	2002-03-14 07:50:26	2012-03-13 14:59:59	Server Authentication, Code Signing, OCSP Signing
A073E5C5BD43610D864C21130A855857CC9CEA46	8C4EDFD04348F322969E7E29A4CD4DCA004655061C16E1B076422EF342AD630E	6D6C12FBCD818FD68EAB4DBA4ECE54AB	7B35D340D21C781966EF741028DC3E4FB27804FC		Root CA Generalitat Valenciana	CN=Root CA Generalitat Valenciana	2048	2001-07-06 16:22:47	2021-07-01 15:22:47	Server Authentication, Client Authentication, Code Signing, Secure Email, Time Stamping
91C6D6EE3E8AC86384E548C299295C756C817B81	8D722F81A9C113C0791DF136A2966DB26C950A971DB46B4199F4EA54B78BFB9F	5B3B67000EEB80022E42605B6B3B7240	7B5B45CFAFCECB7AFD31921A6AB6F346EB574850	2.16.840.1.113733.1.7.48.1	thawte	CN=thawte Primary Root CA	2048	2006-11-17 00:00:00	2036-07-16 23:59:59	Server Authentication, Client Authentication, Secure Email, Code Signing
8025EFF46E70C8D472246584FE403B8A8D6ADBF5	8DA084FCF99CE07722F89B3205939806FA5CB811E1C813F6A108C7D336B3408E	661E487AF35EA6F4C387F4A4BE2FA0CF	D4A2FC9FB3C3D803D3575C07A4D024A7C0F200D4		TC TrustCenter Class 3 CA II	CN=TC TrustCenter Class 3 CA II	2048	2006-01-12 14:41:57	2025-12-31 22:59:59	Server Authentication, Client Authentication, Secure Email, Code Signing, Time Stamping
4A058FDFD761DB21B0C2EE48579BE27F42A4DA1C	8DA75F1327217C88060FD2529EFF2816E50B0C74541EA4EA3DFCEE66A71EFE09	A506E1233B980AD152EC39AF17D92E03	9130ABF6F3C644B7EBDD28BC0F149F525D627F02		D-TRUST GmbH	CN=D-TRUST Root Class 2 CA 2007	2048	2007-05-16 05:20:47	2022-05-16 05:20:47	Server Authentication, Client Authentication, Code Signing, Secure Email, Time Stamping
D29F6C98BEFC6D986521543EE8BE56CEBC288CF3	8DBB5A7C06C20EF62DD912A36740992FF6E1E8583D42EDE257C3AFFD7C769399	50CB666117C51FA5B29C8532AC0D4B81	E03F87CBC2910EAC64A5CF3D252F4C5BD7789F3B		TC TrustCenter Class 4 CA	OU=TC TrustCenter Class 4 CA	1024	1998-03-09 11:59:59	2011-01-01 11:59:59	Secure Email, Server Authentication
A8737691B6A9A75A7DE09D3918AC878D7F92229F	8E062CFAD5D8CE7928F748710101133070BC5E681CFDFA63D5A7988957C19AF7	E1F64DDFF392ACB652863C75EF2F5EE0	975BF20F64D90CA3D123E3699A5587328CF8324D		KMD-CA Root	CN=KMD-CA Root	2048	2002-06-16 13:52:26	2022-07-11 12:52:26	Server Authentication, Client Authentication, Secure Email
AB48F333DB04ABB9C072DA5B0CC1D057F0369B46	8F62D7736F99DBD33EE00E10C7E329339C988A5B47EF25F408293CF2426B4D44	6B3B5BA165255EC04AED4BA378D72395	1E824D2865803CC9416EAC352E5ACBDEEEF8395B		DSTCA E2	OU=DSTCA E2	1024	1998-12-09 19:17:26	2018-12-09 19:47:26	Secure Email, Server Authentication
4072BA31FEC351438480F62E6CB95508461EAB2F	8F633DF0191A417DCD4F6331F0E90EB947158C8A3EA59BFE81420041315EAC6C	988EF367D30419658D64B7B31F0730FD	A6B820C9164B8F4F5C0CC3C3EE980D3E7EEE5655		First Data Digital Certificates Inc. Certification Authority	CN=First Data Digital Certificates Inc. Certification Authority	1024	1999-07-03 18:47:34	2019-07-03 19:17:34	
838E30F77FDD14AA385ED145009C0E2236494FAA	8F9E2751DCD574E9BA90E744EA92581FD0AF640AE86AC1CE2198C90F96B44823	3BD86F2564E6FCAB221729418EB5131E	4824450A7CAC6ABF3CAE26585C7C4245CBEB7582		TC TrustCenter Class 2 CA	OU=TC TrustCenter Class 2 CA	1024	1998-03-09 11:59:59	2011-01-01 11:59:59	Secure Email, Server Authentication
5F4E1FCF31B7913B850B54F6E5FF501A2B6FC6CF	8FDD298D1C93B22BFC42AAB1C3A15F0D01832CA0A1AEF28D5680F06E6C7FD4EF	CB14872EFED5124B99CF688A9B0068E4	8F81F0DAA6CD743CBE66F4156B46A4FE0628CCAA		KISA RootCA 3	CN=KISA RootCA 3	2048	2004-11-19 06:39:51	2014-11-19 06:39:51	Server Authentication, Client Authentication, Secure Email, Code Signing, Time Stamping, OCSP Signing
FD1ED1E2021B0B9F73E8EB75CE23436BBCC746EB	90F3E05396995FF20922C44592DB62D7845E1BF64AEF512CCA75BC669CAA2479	51F86B39EAA788610ACD3F2A0547ACFB	822F362349782042D7B05258A0D674541578BFAA		D-TRUST GmbH	CN=D-TRUST Root Class 3 CA 2007	2048	2007-05-16 05:20:47	2022-05-16 05:20:47	Server Authentication, Client Authentication, Code Signing, Secure Email, Time Stamping
61EF43D77FCAD46151BC98E0C35912AF9FEB6311	92A9D9833FE1944DB366E8BFAE7A95B6480C2D6C6C2A1BE65D4236B608FCA1BB	C7758AD7BEBB498AA3430D66EE0F6FB9	5ABEC575DCAEF3B08E271943FC7F250C3DF661E3		VeriSign	CN=VeriSign Class 2 Public Primary Certification Authority - G3	2048	1999-10-01 00:00:00	2036-07-16 23:59:59	Code Signing, Client Authentication, Secure Email
F5C27CF5FFF3029ACF1A1A4BEC7EE1964C77D784	956057517FF3BB35049342288C1C9DCE852DACA652B465E9747253B5F93B1F5E	1367DD3DCCDE4EADC810ACC257A3332E	FF8A46723358E8488822AA1768DA1648098B3591		CertRSA01	CN=CertRSA01	2048	2000-03-02 15:00:00	2010-03-03 14:59:59	Server Authentication, Client Authentication, Secure Email, Code Signing, Time Stamping, OCSP Signing
5F43E5B1BFF8788CAC1CC7CA4A9AC6222BCC34C6	960ADF0063E96356750C2965DD0A0867DA0B9CBD6E77714AEAFB2349AB393DA3	CBB63E347AD7916D1400F32B391E6451	B6087B0D7ACCAC204C8656325ECFAB6E852D7057	1.3.6.1.4.1.6334.1.100.1	Cybertrust Global Root	CN=Cybertrust Global Root	2048	2006-12-15 08:00:00	2021-12-15 08:00:00	Server Authentication, Client Authentication, Code Signing, Time Stamping
47AFB915CDA26D82467B97FA42914468726138DD	97343FF4BAD55ED9D32DCEE1441826F9C580831F720473B36BD14F1457A87C53	9F92A899C0517ECE8C88F6FA60E5CE56	04CDE116DC6736A90BC54F75104A59BF762E1721		CW HKT SecureNet CA Class B	O=C&W HKT SecureNet CA Class B	2048	1999-06-30 00:00:00	2009-10-15 23:59:00	Secure Email, Server Authentication
9E6CEB179185A29EC6060CA53E1974AF94AF59D4	9806AB8509E2F35E192F275F0C308B9409B42512F90C659598C22BE613962272	3CCE51411E73D214DEEAF55B7E30A538	1431E27F9CCA1295FBF17020DB4D2813714261C6		Deutsche Telekom Root CA 1	CN=Deutsche Telekom Root CA 1	1024	1999-07-09 11:34:00	2019-07-09 23:59:00	Secure Email, Server Authentication
4EB6D578499B1CCF5F581EAD56BE3D9B6744A5E5	9ACFAB7E43C8D880D06B262A94DEEEE4B4659989C3D0CAF19BAF6405E41AB7DF	C6CBCAFA17955C4CFD41ECA0C654C361	7FD365A7C2DDECBBF03009F34339FA02AF333133	2.16.840.1.113733.1.7.23.6	VeriSign	CN=VeriSign Class 3 Public Primary Certification Authority - G5	2048	2006-11-08 00:00:00	2036-07-16 23:59:59	Server Authentication, Client Authentication, Secure Email, Code Signing
EE29D6EA98E632C6E527E0906F0280688BDF44DC	9DB930A7BCED5A599DA673D0BB12C4C6C7AB5B3F88F39C24EE20A24716B379DF	37EE8C6BC237C811577601ED2CE89A8C	1A5887CCCF64C63BF0A2337449645D06C3ABE7F9		Chambersign Public Notary Root	CN=Public Notary Root	2047	2003-09-30 16:14:49	2037-09-30 16:14:49	Server Authentication, Client Authentication, Secure Email, Code Signing, Time Stamping
7639C71847E151B5C7EA01C758FBF12ABA298F7A	9DF0EC44F55B36D79D4B53C208BEF8CB63D78DCC8FCAFDE1662312F212204A37	B4D2194F1BE60F6CA0933918521A6882	8C165570CC160A5364C2A584AAB36417433F8236		DST (ANX Network) CA	OU=DST (ANX Network) CA	1024	1998-12-09 15:46:48	2018-12-09 16:16:48	Secure Email, Server Authentication
379A197B418545350CA60369F33C2EAF474F2079	A0234F3BC8527CA5628EEC81AD5D69895DA5680DC91D1CB8477F33F878B95B0B	0D3B7587FDEFEE1FDA2718EAE8B161FB	76F355E1FAA436FBF09F5C6271ED3CF44738102B		GeoTrust Universal CA 2	CN=GeoTrust Universal CA 2	4096	2004-03-04 05:00:00	2029-03-04 05:00:00	Server Authentication, Client Authentication, Secure Email, Code Signing, Time Stamping
E621F3354379059A4B68309D8A2F74221587EC79	A0459B9F63B22559F5FA5D4C6DB3F9F72FF19342033578F073BF1D1B46CBB912	2DED75E7852E72900D8A5D3DF0597AC2	DABB2EAAB00CB8882651745C6D03D3C0D88F7AD6		GeoTrust Universal CA	CN=GeoTrust Universal CA	4096	2004-03-04 05:00:00	2029-03-04 05:00:00	Server Authentication, Client Authentication, Secure Email, Code Signing, Time Stamping
FEB8C432DCF9769ACEAE3DD8908FFD288665647D	A22DBA681E97376E2D397D728AAE3A9B6296B9FDBA60BC2E11F647F2C675FB37	7BFEBE9D00E942574DF1E0052D4409CD	354AF54DAF3FD78238ACAB716517758C9D5593E6	1.2.392.200091.100.721.1	SECOM Trust Systems CO LTD	OU=Security Communication EV RootCA1	2048	2007-06-06 02:12:32	2037-06-06 02:12:32	Server Authentication, Client Authentication, Code Signing, Secure Email, Time Stamping
DE3F40BD5093D39B6C60F6DABC076201008976C9	A45EDE3BBBF09C8AE15C72EFC07268D693A21C996FD51E67CA079460FD6D8873	36D5F95CC9FA9EFF45D97FC248E9AF80	8B4B6DEDD329B90619EC3939A9F097846ACBEFDF	1.3.6.1.4.1.8024.0.2.100.1.2	QuoVadis Root Certification Authority	CN=QuoVadis Root Certification Authority	2048	2001-03-19 18:33:33	2021-03-17 18:33:33	Server Authentication, Client Authentication, Secure Email, Code Signing, Time Stamping
97817950D81C9670CC34D809CF794431367EF474	A53125188D2110AA964B02C7B7C6DA3203170894E5FB71FFFB6667D5E6810A36	1D4D654DF8262FC7E8BE90F155A00B29	597912DE6175D66FC423B7771374C796DE6F8872	1.3.6.1.4.1.6334.1.100.1	GTE CyberTrust Global Root	CN=GTE CyberTrust Global Root	1024	1998-08-13 00:29:00	2018-08-13 23:59:00	Secure Email, Client Authentication, Server Authentication, Code Signing
E7B4F69D61EC9069DB7E90A7401A3CF47D4FE8EE	A71272AEAAA3CFE8727F7FB39F0FB3D1E5426E9060B06EE6F13E9A3C5833CD43	BBF7AE08A42BCB3A6AD822F913FCFF87	26951910D9E8A19791FFDC19D9B5043ED2730A6A	2.16.840.1.114171.500.9	WellsSecure Public Certificate Authority	CN=WellsSecure Public Root Certificate Authority	2048	2007-12-13 17:07:54	2022-12-14 00:07:54	Server Authentication, Client Authentication, Code Signing, Secure Email, IP security tunnel termination, IP security user, OCSP Signing
3070F8833E4AA6803E09A646AE3F7D8AE1FD1654	A798A1C70E9B6D50EAA5724A26FAC7991848EDC61BF48D79816BCAFB66972128	0CEBD0B0C192C666BC54C5D4C2C4F50B	9EC10D334979ABB3B193066033A96A44F4B08333		Agence Nationale de Certification Electronique	CN=Agence Nationale de Certification Electronique	2048	2002-08-21 09:58:14	2037-08-12 09:58:14	Server Authentication, Client Authentication, Secure Email, Code Signing, IP security tunnel termination, IP security user, IP security IKE intermediate
7A74410FB0CD5C972A364B71BF031D88A6510E9E	A9A9CA22890D694919C095BB8064CBC4A525A5DBFAF801EC935DBCCC07C8BAEE	BA75BCC9A0199033ED3D8DDF586C37B8	A4B1E9F0A60BEB1234639056362F17EBC90CBE95		DST (ABA.ECOM) CA	CN=ABA.ECOM Root CA	2048	1999-07-12 17:33:53	2009-07-09 17:33:53	Secure Email, Server Authentication
086418E906CEE89C2353B6E27FBD9E7439F76316	AAD9CEED5AA6B1CEA28596A8E4E1ABED9386D6EBC9D4AAD9ACDE0FA36BA069D0	9090626077A062D0EBD3CD2BEB78F14C	CCC3F566FF73AC385A961B2189B8814C1FCB5E25		VAS Latvijas Pasts SSI(RCA)	CN=VAS Latvijas Pasts SSI(RCA)	4096	2006-09-13 09:22:10	2024-09-13 09:27:57	Server Authentication, Client Authentication, Code Signing, Secure Email, Time Stamping, Document Signing
627F8D7827656399D27D7F9044C9FEB3F33EFA9A	AB7036365C7154AA29C2C29F5D4191163B162A2225011357D56D07FFA7BC1F72	D4803AC36C256817D4EC5936F29BC4E7	5FF3246C8F9124AF9B5F3EB0346AF42D5CA85DCC	2.16.840.1.113733.1.7.48.1	thawte	CN=Thawte Premium Server CA	1024	1996-08-01 00:00:00	2020-12-31 23:59:59	Server Authentication, Code Signing
24A40A1F573643A67F0A4B0749F6A22BF28ABB6B	AC1FAE74B4E97106092131F2E7F746B6734386742BDFD8423731AED14A4CE446	177F789E96523E206C796917C848D50F	902F82A37C4797011E0F4BA5AF1313C2111347EA		VeriSign	OU=VeriSign Commercial Software Publishers CA	1024	1996-04-09 00:00:00	2004-01-07 23:59:59	Secure Email, Code Signing
9E0512DD61DA5949D1D8631C3F19D75F496C3733	AE2FEC829118A2455AD6A415E71823EB9B7B6E3578A51AC8A51446EADBB0979C	072789E3D51B763C9FC827965535F4D9	4E59CEC702328730		A-Trust nQual-01	CN=A-Trust-nQual-01	2048	2001-12-12 09:00:00	2004-12-12 09:00:00	Server Authentication, Client Authentication, Secure Email, Code Signing, Time Stamping, OCSP Signing
E1A45B141A21DA1A79F41A42A961D669CD0634C1	AE4457B40D9EDA96677B0D3C92D57B5177ABD7AC1037958356D1E094518BE5F2	238458FF4265151B5F4A1A91A645B485	4B019B3E561A653676CB7B97AA9205EE32E72831		ComSign CA	CN=ComSign CA	2048	2004-03-24 11:32:18	2029-03-19 15:02:18	Server Authentication, Client Authentication, Secure Email, Code Signing
8EB03FC3CF7BB292866268B751223DB5103405CB	AE92E90000541A9EBC101B70B6C33A62F5A53A55BA815E81D31ABDDF03507F5D	98D6FD319F7AAB0511D9D05EEB88C319	A82899CCA588498200E2F7507099E11C763D9E00		Japan Certification Services, Inc. SecureSign RootCA3	CN=SecureSign RootCA3	2048	1999-09-15 15:00:01	2020-09-15 14:59:59	Secure Email, Server Authentication
00EA522C8A9C06AA3ECCE0B4FA6CDC21D92E8099	AF6D08EEF3CAC4E1584ABC63C8A9472AC529AF99F3F791319A43776063F58DCA	9DA71E84B24A8DCC15F1FDFE1997E60C	AB0644402A02F056E2920507477D02947627618F		Japan Certification Services, Inc. SecureSign RootCA2	CN=SecureSign RootCA2	2048	1999-09-15 15:00:01	2020-09-15 14:59:59	Secure Email, Server Authentication
4F555CE20DCD3364E0DC7C41EFDD40F50356C122	AF71A3BCA322E5224DF546895696CE449A8BD2BD130F7A7AE457767F5C23D8F8	AF63DAF01262AD3E5A1A2DDCE9DAFA68	52C97F765DF5E1F422CD7DE5676E8DB76A921279		CERTICAMARA S.A.	CN=CERTICAMARA S.A.	2048	2005-02-23 17:10:37	2015-02-23 17:10:37	Server Authentication, Client Authentication, Secure Email, OCSP Signing
25019019CFFBD9991CB76825748D945F30939542	AF8B6762A1E528228161A95D5C559EE266278F75D79E830189A503506ABD6B4C	9D717084FEE98E3E1F8FDACE8703874B	07C35130A4AAE945AE3524FAFF242C33D0B19D8C		RSA Security 2048 V3	OU=RSA Security 2048 V3	2048	2001-02-22 20:39:23	2026-02-22 20:39:23	Server Authentication, Client Authentication, Secure Email, Code Signing, Time Stamping
6A6F2A8B6E2615088DF59CD24C402418AE42A3F1	B04D708F1AE0456265DD1B66907A2691A28680B853E031DF3DF9083AF71614D7	7007AE9FBDBC6CD9C6C7B34EDD27502B	CD1742BE54A4B5FAD1A8C0364AF084016C2A552E		eSign Australia: Primary Utility Root CA	CN=Primary Utility Root CA	2048	2002-05-24 00:00:00	2012-05-23 23:59:59	Server Authentication, Client Authentication, Secure Email, Time Stamping
4A3F8D6BDC0E1ECFCD72E377DEF2D7FF92C19BC7	B0877AEE2D39274DF831F66FDEEB7717557C258FC9EB55231A9F8A647A75433F	7A24903F122E6D3339BA00871199CD96	EA564FEC3C83A114887881B22B0522C007415B42		IZENPE S.A.	CN=Izenpe.com	2048	2003-01-30 23:00:00	2018-01-30 23:00:00	Server Authentication, Client Authentication, Secure Email, Code Signing
7AC5FFF8DCBC5583176877073BF751735E9BD358	B3C962D34019FB38AB9FE9C62399742AB26C43C2D18CE3F2B13C14321E52964B	3664C15A6876893CC3E9F3A698572EB6	C46150CB90662BBC70CA2B1AD9519AEBA1A214BA		SecureNet CA Class B	O=SecureNet CA Class B	2048	1999-06-30 00:00:00	2009-10-15 23:59:00	Secure Email, Server Authentication
687EC17E0602E3CD3F7DFBD7E28D57A0199A3F44	B40765CD1421057F24C2A180814775C0D8600B645C9A13EBA9F3568A0A837718	942A88E1B5DD1612B5CEBA9AE783DEA6	172251AC741E4DEAAEAD4CCDE1CDA14F818ED0B7		SecureNet CA SGC Root	O=SecureNet CA SGC Root	2048	1999-06-30 00:00:00	2009-10-15 23:59:00	Secure Email, Server Authentication
2F173F7DE99667AFA57AF80AA2D1B12FAC830338	B41B2FBFB93EEAB3E0FA6B284ADB932CDB3766ED4BC7D14837A8F2D9AE874A23	6EE7F3B060D10E90A31BA3471B999236	607B661A450D97CA89502F7D04CD34A8FFFCFD4B	1.3.6.1.4.1.4146.1.1	GlobalSign	CN=GlobalSign Root CA	2048	1998-09-01 12:00:00	2014-01-28 12:00:00	Secure Email, Server Authentication, Code Signing, Time Stamping
7E206939CC5FA883635F64C750EBF5FDA9AEE653	B41D516A5351D42DEEA191FA6EDF2A67DEE2F36DC969012C76669E616B900DDF	E3C63703E49A63603C9B93190FCB9436	D9B5CBE7525009B32839DC0062729792798640BF		Autoridad Certificadora Raiz de la Secretaria de Economia	CN=Autoridad Certificadora Raiz de la Secretaria de Economia	2048	2005-05-09 00:00:00	2025-05-09 00:00:00	Server Authentication, Client Authentication, Secure Email, Encrypting File System, IP security tunnel termination, IP security user, IP security IKE intermediate
23E594945195F2414803B4D564D2A3A3F5D88B8C	B4410B73E2E6EACA47FBC42F8FA4018AF4381DC54CFAA84450461EED09454DE9	FF28C3DDD914074F50198F568DBE43A6	0715286D7073AAB28A7C0F86CE38930038058AB1		thawte	CN=Thawte Server CA	1024	1996-08-01 00:00:00	2020-12-31 23:59:59	Server Authentication, Code Signing
F88015D3F98479E1DA553D24FD42BA3F43886AEF	B50AF434B736ED249C587B652C202EEBA6A8E6B68AE6AF085C4A6C7A65CD72C0	57307CB6B650F1E8F696E03B669EF05C	E5C8F2177B12E7842A54022D5A52BDD8B2B31034		CW HKT SecureNet CA SGC Root	O=C&W HKT SecureNet CA SGC Root	2048	1999-06-30 00:00:00	2009-10-15 23:59:00	Secure Email, Server Authentication
85A408C09C193E5D51587DCDD61330FD8CDE37BF	B6191A50D0C3977F7DA99BCDAAC86A227DAEB9679EC70BA3B0C9D92271C170D3	48C1184E28125121AEEEF1A32CE0D467	31C3791BBAF553D717E0897A2D176C0AB32B9D33		Deutsche Telekom Root CA 2	CN=Deutsche Telekom Root CA 2	2048	1999-07-09 12:11:00	2019-07-09 23:59:00	Secure Email, Server Authentication
60D68974B5C2659E8A0FC1887C88D246691B182C	B9BEA7860A962EA3611DAB97AB6DA3E21C1068B97D55575ED0E11279C11C8932	F14AA458A3CDC47C7E274596AA67165D	A3052F186050C2890ADD2B214FFF8E4EA8303136		Secrétariat Général de la Défense Nationale	CN=IGC/A	2048	2002-12-13 14:29:23	2020-10-17 14:29:22	Server Authentication, Client Authentication, Code Signing, Secure Email, IP security tunnel termination, IP security user, IP security IKE intermediate, Time Stamping, Encrypting File System, Document Signing, OCSP Signing
36863563FD5128C7BEA6F005CFE9B43668086CCE	BA7F1136389075B8E86C53C095FA14F5C83B6B017A0244ED7637114620D3A3B1	73EA2B413250FC62D1E1C3D2586BFDB8	E84EE5C9ED8483539AE1420ED54EC2B87E5BE1F4		thawte	CN=Thawte Personal Premium CA	1024	1996-01-01 00:00:00	2020-12-31 23:59:59	Client Authentication, Secure Email, Code Signing
A399F76F0CBF4C9DA55E4AC24E8960984B2905B6	BB6CE72F0E64BFD93ADE14B1BECF8C41E7BC927CAFB477A3A95878C01AA26C3E	CB3D7E74935AF5CF8F3AFC8602789F50	1F830E58B0DC55C270DB69C70E97A5F1678D7568		TC TrustCenter Time Stamping CA	CN=TC TrustCenter Time Stamping CA	1024	1998-03-09 11:59:59	2011-01-01 11:59:59	Time Stamping
69BD8CF49CD300FB592E1793CA556AF3ECAA35FB	BC23F98A313CB92DE3BBFC3A5A9F4461AC39494C4AE15A9E9DF131E99B73019A	26D83C7D849FF5931460B00410A55BDC	FB614061B48ABCEB561D64161FAB6DF3F7AE45A5		ValiCert Class 3 Policy Validation Authority	CN=http://www.valicert.com/	1024	1999-06-26 00:22:33	2019-06-26 00:22:33	Secure Email, Server Authentication
E0925E18C7765E22DABD9427529DA6AF4E066428	BCDD8DF4276366D7FF4B688DC81500D8E98252C049C8FF1E8C82F2BAEC9D5C16	5F74DC212131A424D52FC40627734586	512F553FC62ACE8AB3852D74CADE03E78D8D9EF1		Hongkong Post Root CA	CN=Hongkong Post Root CA	2048	2000-01-16 07:42:00	2010-01-16 23:59:00	Server Authentication, Client Authentication, Secure Email, Time Stamping, OCSP Signing
6782AAE0EDEEE21A5839D3C0CD14680A4F60142A	BD469FF45FAAE7C54CCBD69D3F3B002255D9B06B10B1D0FA388BF96B918B2CE9	FA29F3B52167595ACF939E9E6656352F	42C657693968282ED54C164057DF9D344CD69790		VeriSign	OU=Class 2 Public Primary Certification Authority	1024	1996-01-29 00:00:00	2028-08-01 23:59:59	Secure Email, Client Authentication, Code Signing
4A65D5F41DEF39B8B8904A4AD3648133CFC7A1D1	BD81CE3B4F6591D11A67B5FC7A47FDEF25521BF9AA4E18B9E3DF2E34A7803BE8	6135B7025A5C536D8748E780B56FDD25	3CD89388C2C08209CC0199069320E99E7009634F	1.3.6.1.4.1.6449.1.2.1.5.1	Comodo Secure Certificate Services	CN=Secure Certificate Services	2048	2004-01-01 00:00:00	2028-12-31 23:59:59	Server Authentication, Client Authentication, Secure Email, Code Signing, Time Stamping
9BAAE59F56EE21CB435ABE2593DFA7F040D11DCB	BE6C4DA2BBB9BA59B6F3939768374246C3C005993FA98F020D1DEDBED48A81D5	55C34650D06592D1724F74C428D162CF	17A0CDC1E441B63A5B3BCB459DBD1CC298FA8658		SwissSign Silver G2 Root CA	CN=SwissSign Silver CA - G2	4096	2006-10-25 08:32:46	2036-10-25 08:32:46	Server Authentication, Client Authentication, Secure Email, Code Signing
96974CD6B663A7184526B1D648AD815CF51E801A	BE947BEBD25B74A586A7DDCF776752952A4C52FF9A8006E9186575ECC0D2C571	3E937A88187D04971AA80B2167CD9E24	86A21F70C68CC1A0749C94B7918EB1DC3B18280A		VeriSign	OU=VeriSign Individual Software Publishers CA	1024	1996-04-09 00:00:00	2004-01-07 23:59:59	Secure Email, Code Signing
D2EDF88B41B6FE01461D6E2834EC7C8F6C77721E	C1B12F480020336E5B04F520BC19C2E2E10AB42C9D9235F05CBEC33FFA4D4DEA	CBCFA8A16D47B437F7F64EE8BBC45D95	6A643676509C4EF4F74F15F50DED332560ECCB20		CertPlus Class 3 Primary CA	CN=Class 3 Primary CA	2048	1999-07-07 17:08:00	2019-07-06 23:59:59	Secure Email, Server Authentication
3BC0380B33C3F6A60C86152293D9DFF54B81C004	C1B48299ABA5208FE9630ACE55CA68A03EDA5A519C8802A0D3A673BE8F8E557D	4C221CC591EFC309FF4C5681D9F95B51	BAFA7125798B57412521860B71EBB2640E8B2167		Trustis FPS Root CA	OU=Trustis FPS Root CA	2048	2003-12-23 12:14:06	2024-01-21 11:36:54	Server Authentication, Client Authentication, Secure Email, IP security IKE intermediate, IP security tunnel termination, IP security user
A9628F4B98A91B4835BAD2C1463286BB66646A8C	C1CF0B52096435E3F1B71DAAEC455A2311C8404F5583A9E213C69D857D943305	4BC955114A19097E0034E7C3A5EBFDE0	330BA066D1EADACEDE6293042852B5147F3868B7		Autoridad de Certificacion Firmaprofesional CIF A62634068	CN=Autoridad de Certificacion Firmaprofesional CIF A62634068	2048	2001-10-24 22:00:00	2013-10-24 22:00:00	Server Authentication, Client Authentication, Secure Email, Code Signing, Time Stamping, OCSP Signing
8B1A1106B8E26B232980FD652E6181376441FD11	C2959DB8339E8DBCF6409CA92A66C49FD2E32494940A901143BD7EB72827DEC2	88E9AFD8FCDE128817AF49C76A347EF3	53791F6D07CF7E40B7104EF3C8A2D89D412D2B21		Certicámara S.A.	CN=Certificado Empresarial Clase-A	2048	2001-05-23 22:00:00	2011-05-23 22:00:00	Server Authentication, Client Authentication, Secure Email, OCSP Signing
2796BAE63F1801E277261BA0D77770028F20EEE4	C3846BF24B9E93CA64274C0EC67C1ECC5E024FFCACD2D74019350E81FE546AE4	99949D2179811F6B30A8C99C4F6B4226	D2C4B0D291D44C1171B361CB3DA1FEDDA86AD4E3	2.16.840.1.114413.1.7.23.3, 2.16.840.1.114414.1.7.23.3	Go Daddy Class 2 Certification Authority	OU=Go Daddy Class 2 Certification Authority	2048	2004-06-29 17:06:20	2034-06-29 17:06:20	Server Authentication, Client Authentication, Secure Email, Code Signing
5D989CDB159611365165641B560FDBEA2AC23EF1	C38DCB38959393358691EA4D4F3CE495CE748996E64ED1891D897A0FC4DD55C6	244E27D8B9126DE8A688DC547290200E	FA86C9DBE0BAE978F54BA8D615DFF0D3E16A143C		UTN - USERFirst-Network Applications	CN=UTN-USERFirst-Network Applications	2048	1999-07-09 18:48:39	2019-07-09 18:57:49	Secure Email, Server Authentication
9BACF3B664EAC5A17BED08437C72E4ACDA12F7E7	C43C3425888E24D5545375BDC74BA2D189B0C22E6243DEDE6B77C8FF1C2E997B	15432694B1E7FF6AB2B38951F220B082	2ECC12E1E7C87191104C258BE872DA773A0259B2		CW HKT SecureNet CA Class A	O=C&W HKT SecureNet CA Class A	2048	1999-06-30 00:00:00	2009-10-15 23:59:00	Secure Email, Server Authentication
B435D4E1119D1C6690A749EBB394BD637BA782B7	C470CF547E2302B977FB29DD71A89A7B6C1F60777B0329F56017F328BF4F6BE6	B6A0B856CA3275530ABC5F92BD23B18D	D937B34E05FDD9CF9F1216AEB6892FEB253A881C		TURKTRUST Elektronik Sertifika Hizmet Saglayicisi	CN=TÜRKTRUST Elektronik Sertifika Hizmet Sağlayıcısı	2048	2005-11-07 10:07:57	2015-09-16 10:07:57	Server Authentication, Client Authentication, Secure Email, OCSP Signing
750251B2C632536F9D917279543C137CD721C6E0	C499F6CECC5DA4D61F14ED0405270C5249D0E79615B0DA42659ED2D7FFEF8A40	70484F38F16D49D6B7A086643B7D14C0	ECBD79F305C6C405B75B071ABC56E8FE08C362CC		TURKTRUST Elektronik Islem Hizmetleri	CN=TÜRKTRUST Elektronik İşlem Hizmetleri	2048	2005-05-13 10:04:51	2015-03-22 10:04:51	Server Authentication, Client Authentication, Secure Email, OCSP Signing
5A4D0E8B5FDCFDF64E7299A36C060DB222CA78E4	C57A3ACBE8C06BA1988A83485BF326F2448775379849DE01CA43571AF357E74B	6D5FCB8C4848C69F90BD4A43C02C32DC	4F8ADA76FF6777239AA6807D7DDB887585F7817A		Visa Information Delivery Root CA	CN=Visa Information Delivery Root CA	2048	2005-06-27 17:42:42	2025-06-29 17:42:42	Server Authentication, Client Authentication, Secure Email, OCSP Signing
A9E9780814375888F20519B06D2B0D2B6016907D	CA2D82A08677072F8AB6764FF035676CFE3E5E325E012172DF3F92096DB79B85	732369577833443B5545BE4782A1AF71	713836F2023153472B6EBA6546A9101558200509		GeoTrust Global CA 2	CN=GeoTrust Global CA 2	2048	2004-03-04 05:00:00	2019-03-04 05:00:00	Server Authentication, Client Authentication, Secure Email, Code Signing, Time Stamping
75E0ABB6138512271C04F85FDDDE38E4B7242EFE	CA42DD41745FD0B81EB902362CF9D8BF719DA1BD1B1EFC946F5B4C99F42C1B9E	73621E116224668780B2D2BEE454E52E	9BE20757671C1EC06A06DE59B49A2DDFDC19862E	1.3.6.1.4.1.4146.1.1	GlobalSign	CN=GlobalSign	2048	2006-12-15 08:00:00	2021-12-15 08:00:00	Server Authentication, Client Authentication, Code Signing, Time Stamping
204285DCF7EB764195578E136BD4B7D1E98E46A5	CBB5AF185E942A2402F9EACBC0ED5BB876EEA3C1223623D00447E4F3BA554B65	D654F11175B4B3F75FAD34CF66E0A39A	5519B278ACB281D7EDA7ABC18399C3BB690424B5		VeriSign	CN=VeriSign Class 1 Public Primary Certification Authority - G3	2048	1999-10-01 00:00:00	2036-07-16 23:59:59	Client Authentication, Secure Email
BF1CFE00D9D6CD988829FFCA6D2A985092C0177B	CBCFAFCD7E7E9EF345ED887EBB961018B62FC1D10FAB0C7C1A7D4A30CB272CDF	1E190F156482A884026BE6D4FD68F875	95E11594E7953E256DCAF6BF7558A2FC6191D56F		Belgacom E-Trust Root CA for Normalised Certificates	CN=Belgacom E-Trust Root CA for normalised certificates	2048	2001-11-05 15:29:02	2021-11-05 15:29:02	Server Authentication, Client Authentication, Secure Email, Code Signing, Time Stamping, OCSP Signing
216B2A29E62A00CE820146D8244141B92511B279	CCC89489371BAD111C90619BEA240A2E6DADD99F9F6E1D4D41E58ED6DE3D0285	29879B212C29506601C8F3907C89ED5A	86E1E18171BF6A12F10AF201E4C8FB40CE688089		CertPlus Class 3P Primary CA	CN=Class 3P Primary CA	2048	1999-07-07 17:10:00	2019-07-06 23:59:59	Secure Email, Server Authentication
0747220199CE74B97CB03D79B264A2C855E933FF	CD808284CF746FF2FD6EB58AA1D59C4AD4B3CA56FDC6274A8926A7835F32313D	20745F75F9DC8991D8E578EFF60D672D	47E20C8BF6538852		Sonera Class1 CA	CN=Sonera Class1 CA	2048	2001-04-06 10:49:13	2021-04-06 10:49:13	Client Authentication, Secure Email
F44095C238AC73FC4F77BF8F98DF70F8F091BC52	CE7DD096C8FDE2BF5C438EDB574BD6454385334EE8FF106C0F93D5051BE6BAC3	4748367A32E2D9519C507DE0DB925E35	A2760E39786B8FBA2D714A08F7A27B6E00A26425		CertPlus Class 3TS Primary CA	CN=Class 3TS Primary CA	2048	1999-07-07 17:14:00	2019-07-06 23:59:59	Secure Email, Server Authentication
B80186D1EB9C86A54104CF3054F34C52B7E558C6	CECDDC905099D8DADFC5B1D209B737CBE2C18CFB2C10C0FF0BCF0D3286FC1AA2	74915776C4A191F183A46EF5E51DBF56	C64FA23D066384099CCE62E404AC8D5CB5E9B61B	2.16.840.1.114404.1.1.2.4.1	Trustwave	CN=XRamp Global Certification Authority	2048	2004-11-01 17:14:04	2035-01-01 05:37:19	Server Authentication, Client Authentication, Secure Email, Code Signing, Time Stamping, OCSP Signing
DA40188B9189A3EDEEAEDA97FE2F9DF5B7D18A41	CF56FF46A4A186109DD96584B5EEB58A510C4275B0E5F94F40BBAE865E19F673	56D6B8E7659F3E9E1CB6DB62A10EE5E5	4A78325211DB5916365EDFC11436406A477C4CA1		Equifax Secure eBusiness CA-1	CN=Equifax Secure eBusiness CA-1	1024	1999-06-21 04:00:00	2020-06-21 04:00:00	Secure Email, Server Authentication, Code Signing
4EF2E6670AC9B5091FE06BE0E5483EAAD6BA32D9	D0BC49E4A97F4D9F0DA357DA61A18348826E35B8820592E480EFF2CD389AA6E4	0EE7A74A2957A850D6A7473809A2F0FE	55E5E79462B6490DC63CBC71223612898B68493C		Belgacom E-Trust Primary CA	CN=Belgacom E-Trust Primary CA	1024	1998-11-04 13:04:39	2010-01-21 13:04:39	Secure Email, Server Authentication
90AEA26985FF14804C434952ECE9608477AF556F	D17CD8ECD586B712238A482CE46FA5293970742F276D8AB6A9E46EE0288F3355	1670DF2E9894ED4EA8FB8745F95CD1E2	2343D148A255899B947D461A797EC04CFED170B7		VeriSign	OU=Class 1 Public Primary Certification Authority	1024	1996-01-29 00:00:00	2028-08-01 23:59:59	Secure Email, Client Authentication
801D62D07B449D5C5C035C98EA61FA443C2A58FE	D1C339EA2784EB870F934FC5634E4AA9AD5505016401F26465D37A574663359F	E871723E266F38AF5D49CDA2A502669C	55E481D11180BED889B908A331F9A1240916B970	2.16.840.1.114028.10.1.2	Entrust	CN=Entrust.net Certification Authority (2048)	2048	1999-12-24 17:50:51	2019-12-24 18:20:51	Code Signing, Server Authentication, Client Authentication, Secure Email, IP security IKE intermediate, IP security tunnel termination, IP security user, Time Stamping, Encrypting File System
101DFA3FD50BCBBB9BB5600C1955A41AF4733A04	D41D829E8C1659822AF93FCE62BFFCDE264FC84E8B950C5FF275D052354695A3	72BBAECD6AD4A75D05D57BFEC233BF1B	A87DEBBC63A474137400EC96E0D334C12CBF6CF8		Staat der Nederlanden Root CA	CN=Staat der Nederlanden Root CA	2048	2002-12-17 09:23:49	2015-12-16 09:15:38	Server Authentication, Client Authentication, Secure Email, Code Signing, Time Stamping
EF2DACCBEABB682D32CE4ABD6CB90025236C07BC	D6D5347FC14D70F223C39E764E4308E0B6B91C37F821CA21909AA3A85105AA36	B93B1AC926D47C4B2CB91D1345D1B566	8E537C68A08ED903BB10EA0408DE0FB6D4A79203		Autoridad Certificadora del Colegio Nacional de Correduria Publica Mexicana, A.C.	CN=Autoridad Certificadora del Colegio Nacional de Correduria Publica Mexicana, A.C.	2048	1999-06-29 18:59:00	2009-06-29 18:59:00	Secure Email, Server Authentication
D1EB23A46D17D68FD92564C2F1F1601764D8E349	D7A7A0FB5D7E2731D771E9484EBCDEF71D5F0C3E0A2948782BC83EE0EA699EF4	2E0D6875874A44C820912E85E964CFDB	A0110A233E96F107ECE2AF29EF82A57FD030A4B4	1.3.6.1.4.1.6449.1.2.1.5.1	Comodo AAA Certificate Services	CN=AAA Certificate Services	2048	2004-01-01 00:00:00	2028-12-31 23:59:59	Server Authentication, Client Authentication, Secure Email, Code Signing, Time Stamping
6252DC40F71143A22FDE9EF7348E064251B18118	D8E0FEBC1DB2E38D00940F37D27D41344D993E734B99D5656D9778D4D8143624	96F98B6E79A74810CE7D398A82F97778	6DAA9B0987C4D0D422ED4007374D19F191FFDED3		Certum	CN=Certum CA	2048	2002-06-11 10:46:39	2027-06-11 10:46:39	Server Authentication, Client Authentication, Secure Email, Code Signing, Time Stamping, OCSP Signing
5B4E0EC28EBD8292A51782241281AD9FEEDD4E4C	D90C6B57DB82052C06C567C9DC30613A8289D44B2BA29EF79506D0EE352C9362	5176651D705DBDEE8F35F843A3CB1E9F	F7E7DDCBCEDB38F9B6B2670E54D0590C323FDDBD		EUnet International Root CA	CN=EUnet International Root CA	1024	1999-01-15 15:00:54	2018-10-02 15:00:54	Secure Email, Server Authentication
0560A2C738FF98D1172A94FE45FB8A47D665371E	DDFF53ECD7743B60BB7B2795FF5732FA785F9A14DF1120FB40A38CF84CA2A566	15FB615B957FF2A959E1517D3CFE3ABB	4BDEBE05312EF335C8D8CAA756C5940DB45A65C5		Certipost E-Trust Primary TOP Root CA	CN=Certipost E-Trust TOP Root CA	2048	2005-07-26 10:00:00	2025-07-26 10:00:00	Server Authentication, Client Authentication, Code Signing, Secure Email, Time Stamping, Document Signing
C8EC8C879269CB4BAB39E98D7E5767F31495739D	E389360D0FDBAEB3D250584B4730314E222F39C156A020144E8D960561791506	ABE427C5E3272D89C42DD258A4A96E79	3C03436868951CF3692AB8B426DABA8FE922E5BD		VeriSign	CN=VeriSign Class 4 Public Primary Certification Authority - G3	2048	1999-10-01 00:00:00	2036-07-16 23:59:59	Code Signing, Server Authentication, Client Authentication, Secure Email
1B4B396126276B6491A2686DD70243212D1F1D96	E4C73430D7A5B50925DF43370A0D216E9A79B9D6DB8373A0C69EB1CC31C7C52A	B995854146CECE4499139B3974033572	BD8887C98FF6A40A0BAAEBC5FE91239DAB4A8A32		KamuSM	CN=TÜBİTAK UEKAE Kök Sertifika Hizmet Sağlayıcısı - Sürüm 3	2048	2007-08-24 11:37:07	2017-08-21 11:37:07	Server Authentication, Client Authentication, Code Signing, Secure Email, IP security tunnel termination, IP security user, IP security IKE intermediate, Time Stamping, Encrypting File System, Document Signing, OCSP Signing
67EB337B684CEB0EC2B0760AB488278CDD9597DD	E57210AB812C8DF308267CB4291B98E956597CA36EC2B95189EF1723396BCAC8	0F214346C31371CF709B63DF1054644D	AAFC77513B0784E52B124FE7235315A5D3C40A01		DST RootCA X2	CN=DST RootCA X2	2048	1998-11-30 22:46:16	2008-11-27 22:46:16	Secure Email, Server Authentication
9ED18028FB1E8A9701480A7890A59ACD73DFF871	E5BDA820E5CE15BFD07BA11FFB1C7C8A5910CE1B90175C34308BC2500453CCDC	10FE6B9DA8B7EE9E10511889F39DB1B9	46C278AB54E0F8682739DF42B3F354C3067D26A1		Serasa Certificate Authority III	CN=Serasa Certificate Authority III	2048	2004-11-26 13:14:14	2024-11-21 13:24:14	Server Authentication, Client Authentication, Secure Email, Code Signing
016897E1A0B8F2C3B134665C20A727B7A158E28F	E606DDEEE2EE7F5CDEF5D9058FF8B7D0A9F042877F6A171ED8FF6960E4CC5EA5	0CB11783FF8A527000DFCE57EC598232	096A621692B05ABB550ECB75323A32E5B221C928		NetLock Minositett Kozjegyzoi (Class QA) Tanusitvanykiado	CN=NetLock Minositett Kozjegyzoi (Class QA) Tanusitvanykiado	2048	2003-03-30 01:47:11	2022-12-15 01:47:11	Client Authentication, Secure Email, Code Signing, Time Stamping, Document Signing
AE5083ED7CF45CBC8F61C621FE685D794221156E	E6B8F8766485F807AE7F8DAC1670461F07C0A13EEF3A1FF717538D7ABAD391B4	AA57FC2A20F093BB95DE3BB45CB08608	E3AB544C80A1DB5643B7914ACBF3827A135C08AB		TC TrustCenter Class 2 CA II	CN=TC TrustCenter Class 2 CA II	2048	2006-01-12 14:38:43	2025-12-31 22:59:59	Server Authentication, Client Authentication, Secure Email, Code Signing, Time Stamping
23E833233E7D0CC92B7C4279AC19C2F474D604CA	E6E4A951ECBF7D8EDC01BC873F7B6FD35868BDB10ED786F3A1B1EE16D8CEC3E9	AB7AD87262DE0504D6A06E30E135C8F0	880773F6F1BC521A5A1D3D9162ED5DAC9D0BE5B7		Skaitmeninio sertifikavimo centras	CN=SSC Root CA C	4096	2006-12-27 12:26:30	2026-12-22 12:11:30	Server Authentication, Client Authentication, Code Signing, Secure Email, Time Stamping
36B12B49F9819ED74C9EBC380FC6568F5DACB2F7	E75E72ED9F560EEC6EB4800073A43FC3AD19195A392282017895974A99026B6C	446B89A35BBF3713F943E2826B1847EE	A073499968DC855B65E39B282F579FBD33BC0748	1.2.392.200091.100.721.1	SECOM Trust Systems CO LTD	OU=Security Communication RootCA1	2048	2003-09-30 04:20:49	2023-09-30 04:20:49	Server Authentication, Client Authentication, Secure Email, Code Signing, Time Stamping, OCSP Signing
742C3192E607E424EB4549542BE1BBC53E6174E2	E7685634EFACF69ACE939A6B255B7B4FABEF42935B50A265ACB5CB6027E44E70	27B3517667331CE2C1E74002B5FF2298	E27F7BD877D5DF9E0A3F9EB4CB0E2EA9EFDB6977	2.16.840.1.113733.1.7.23.6, 2.16.840.1.113733.1.7.48.1	VeriSign Class 3 Public Primary CA	OU=Class 3 Public Primary Certification Authority	1024	1996-01-29 00:00:00	2028-08-01 23:59:59	Secure Email, Client Authentication, Code Signing, Server Authentication
EC0C3716EA9EDFADD35DFBD55608E60A05D3CBF3	E873D4082A7B4632934F48A5CC1EE500932F661E56C3467C5C84D31447476B0C	708ADB7E4F99A99497C65186A7D9FFE4	ACC2C9A7327EADB44F1BCC3CFBB19C66DE3579FB		DST (United Parcel Service) RootCA	CN=DST (UPS) RootCA	2048	1998-12-10 00:25:46	2008-12-07 00:25:46	Secure Email, Server Authentication
E619D25B380B7B13FDA33E8A58CD82D8A88E0515	E8A2F441657678975F2B97D775719C7D49D92234554540EC14D92E16FE27D2CB	20BFC4227A2A38CBDCD9FE53277D633D	4B3C8C1D85E96FAD		A-Trust-Qual-01	CN=A-Trust-Qual-01	2048	2004-11-30 23:00:00	2014-11-30 23:00:00	Server Authentication, Client Authentication, Secure Email, Code Signing, Time Stamping, Encrypting File System, IP security tunnel termination, IP security user, IP security IKE intermediate, OCSP Signing
4EFCED9C6BDD0C985CA3C7D253063C5BE6FC620C	E8B28D2A3D81F63B4E4467C2190A631FC062353B5F2D25851DDA6B644AC78B3F	1A87E8ECDEFAA1C0B62016D8F2960BD9	B8C15A24ECEF44DA737A98D7CCC7A80F255DBA5C		Certisign Autoridade Certificadora AC2	OU=Certisign - Autoridade Certificadora - AC2	1024	1999-06-27 00:00:00	2018-06-27 00:00:00	Secure Email, Server Authentication
E3D73606996CDFEF61FA04C335E98EA96104264A	E8C6AA6B5F58A8F2A6365CF98E65693563A38B7B2F32CF1BE06F2D2229D4BF59	7659EAB6B89BC67726F107CB1953740D	2C4CF69A2A9F288201C1990611AFB34B7CB79AFE		D-TRUST GmbH	CN=D-TRUST Qualified Root CA 1 2007:PN	2048	2007-06-08 11:47:46	2012-06-08 11:47:46	Server Authentication, Client Authentication, Code Signing, Secure Email, Time Stamping
132D0D45534B6997CDB2D5C339E25576609B5CC6	EB04CF5EB1F39AFA762F2BB120F296CBA520C1B97DB1589565B81CB9A17B7244	8F3D457DE28EA817B7A8EE2A2ED3F3A1	22F19E2EC6EACCFC5D2346F4C2E8F6C554DD5E07		VeriSign	CN=VeriSign Class 3 Public Primary Certification Authority - G3	2048	1999-10-01 00:00:00	2036-07-16 23:59:59	Code Signing, Server Authentication, Client Authentication, Secure Email
6B2F34AD8958BE62FDB06B5CCEBB9DD94F4E39F3	EBF3C02A8789B1FB7D511995D663B72906D913CE0D5E10568A8A77E2586167E7	A2A02150E558F05C886BC80A80447EF9	92A4752CA49EBE8144EB79FC8AC595A5EB107573		TC TrustCenter Universal CA I	CN=TC TrustCenter Universal CA I	2048	2006-03-22 15:54:28	2025-12-31 22:59:59	Server Authentication, Client Authentication, Secure Email, Code Signing, Time Stamping
409D4BD917B55C27B69B64CB9822440DCD09B889	ECC3E9C3407503BEE091AA952F41348FF88BAA863B2264BEFAC807901574E939	2EFC9A1119CA8035206085D40ADE382F	04AA7A47A3E489AF1ACF0A40A7183F6FEFE97DBE		Juur-SK AS Sertifitseerimiskeskus	CN=Juur-SK	2048	2001-08-30 14:23:01	2016-08-26 14:23:01	Server Authentication, Client Authentication, Secure Email
339B6B1450249B557A01877284D9E02FC3D2D8E9	EF3CB417FC8EBF6F97876C9E4ECE39DE1EA5FE649141D1028B7D11C0B2298CED	BB6FBCA0B876D8241E5D54C562E56D04	439C369FB09E304DC6CE5FAD10ABE503A5FAA914		Chambersign Global Root	CN=Global Chambersign Root	2048	2003-09-30 16:14:18	2037-09-30 16:14:18	Server Authentication, Client Authentication, Secure Email, Code Signing, Time Stamping
A59C9B10EC7357515ABB660C4D94F73B9E6E9272	F00355EEF101C7DF4E46CCE6417DFFCE3DB82DBB1369C3B439C4E33BEE445C42	E24C12FE6807BF1D3C281584E9566043	11F20B96D2333881575813FD40A4116F4E99FA67		Certipost E-Trust Primary Normalised CA	CN=Certipost E-Trust Primary Normalised CA	2048	2005-07-26 10:00:00	2020-07-26 10:00:00	Server Authentication, Client Authentication, Code Signing, Secure Email, Time Stamping, Document Signing
FAA7D9FB31B746F200A85E65797613D816E063B5	F008733EC500DC498763CC9264C6FCEA40EC22000E927D053CE9C90BFA046CB2	8A11CBDCEE909A825FB1EB5B53194E2E	DBE9E19BD2D1240BFCABE3A067EAAE9C4B77F4B0		VRK Gov. Root CA	CN=VRK Gov. Root CA	2048	2002-12-18 13:53:00	2023-12-18 13:51:08	Server Authentication, Client Authentication, Secure Email
5A5A4DAF7861267C4B1F1E67586BAE6ED4FEB93F	F1B13F5C9A326403B0F31BBE7699CD17C7D1C0B981586DD1A7B219C52508FE99	533E14BE053E0F3BD83AAAD1879D3C0B	CCBFDEA79077626A1D78692E0A389B77515303F0		Skaitmeninio sertifikavimo centras	CN=SSC Root CA A	4096	2006-12-27 12:18:52	2026-12-28 12:05:04	Server Authentication, Client Authentication, Code Signing, Secure Email, Time Stamping
8782C6C304353BCFD29692D2593E7D44D934FF11	F1C1B50AE5A20DD8030EC9F6BC24823DD367B5255759B4E71B61FCE9F7375D73	EB1E70CF1EAD1152153E79EC90EDABA4	4232B616FA04FDFE5D4B7AC3FDF74C401D5A43AF	2.16.840.1.114404.1.1.2.4.1	Trustwave	CN=SecureTrust CA	2048	2006-11-07 19:31:18	2029-12-31 19:40:55	Server Authentication, Client Authentication, Secure Email, Code Signing, Time Stamping
24BA6D6C8A5B5837A48DB5FAE919EA675C94D217	F1F3CC207A6D47947B8CB9C30422229DE0D71FB867E0B9A3EDA08E0E1736BC28	15974DF6D35FDEB259430159E86E7B2E	28C8729EDBC97351D35D0E2D9944DD53E2AD721A		IPS SERVIDORES	CN=IPS SERVIDORES	1024	1998-01-01 23:21:07	2009-12-29 23:21:07	Secure Email, Server Authentication, Code Signing
A43489159A520F0D93D032CCAF37E7FE20A8B419	F38406E540D7A9D90CB4A9479299640FFB6DF9E224ECC7A01C0D9558D8DAD77D	6C6FE103005E9DDA7F0D5B92F8CA4A40	4A5C7522AA46BFA4089D39974EBDB4A360F7A01D		Microsoft Root Authority	CN=Microsoft Root Authority	2048	1997-01-10 07:00:00	2020-12-31 07:00:00	
E5DF743CB601C49B9843DCAB8CE86A81109FE48E	F4C149551A3013A35BC7BFFE17A7F3449BC1AB5B5A0AE74B06C23B90004C0104	826E99F424CDF604D800C12169A2DF39	C21C0FE2737D78C1688B7E0B36EEBDE5BEB9481C		SECOM Trust Systems CO LTD	CN=http://www.valicert.com/	1024	1999-06-25 22:23:48	2019-06-25 22:23:48	Secure Email, Server Authentication
5E5A168867BFFF00987D0B1DC2AB466C4264F956	F563C5C3E512E63B97B5438F2BD4A9AE78A4F9EAD92BCC34FE973BDC7C6D2148	4961FE85CC02CC5CDEE041A6BF12191E	73FB9CFE04DCBD624CBA35598765F5E5EEBF6B41		Societa Interbancaria per l'Automazione SIA Secure Server CA	CN=SIA Secure Server CA	2048	1999-07-08 13:13:00	2019-07-08 23:59:00	Secure Email, Server Authentication
9078C5A28F9A4325C2A7C73813CDFE13C20F934E	F773BC65659F1BC59087BF214EEAD864010D5887CD2CD84E4F1BA7523FE55640	67B62CFD06B7AF61BF873F39BF435739	BCF99A868913AE84EDAF03847F3427D95F6E9D4B		SERVICIOS DE CERTIFICACION - A.N.C.	CN=SERVICIOS DE CERTIFICACION - A.N.C.	2048	1999-03-09 21:08:07	2009-03-09 21:08:07	Secure Email, Server Authentication
D6DAA8208D09D2154D24B52FCB346EB258B28A58	F9E67D336C51002AC054C632022D66DDA2E7E3FFF10AD061ED31D8BBB410CFB2	93A48596B604CD715944DBBEDEEE8422	C8188F7A06A99BF579DD9F8896AFD1D91F19BC2A		Hongkong Post Root CA 1	CN=Hongkong Post Root CA 1	2048	2003-05-15 05:13:14	2023-05-15 04:52:29	Server Authentication, Client Authentication, Secure Email, Time Stamping, OCSP Signing
688B6EB807E8EDA5C7B17C4393D0795F0FAE155F	FAE547F389763148404D9D88162A434E92C495AA60D2A80FF91B19089107E439	177F789E96523E206C796917C848D50F	902F82A37C4797011E0F4BA5AF1313C2111347EA		VeriSign	OU=VeriSign Commercial Software Publishers CA	1024	1996-04-09 09:35:59	1999-12-31 09:35:58	Secure Email, Code Signing
4B421F7515F6AE8A6ECEF97F6982A400A4D9224E	FC0A0FE27C9DC13C81238A5913A1DAF8184168BEB7E5A4512A771FD4F453651D	B7E383C4266E1039AFB52D4FB6F3B722	60F85F2FDB3AB64B6941D77C22FE3D1E72D719BC		Societa Interbancaria per l'Automazione SIA Secure Client CA	CN=SIA Secure Client CA	1024	1999-07-08 12:45:00	2019-07-08 23:59:00	Secure Email, Server Authentication
7FBB6ACD7E0AB438DAAF6FD50210D007C6C0829C	FE7114D07A147759891FF37B4F53EB43568296BC3BF89BC12CAFB186985EF28D	713EF3EBA2F92BE869B7077327DAD535	48AF5766BFD2C002		Halcom CA PO 2	CN=Halcom CA PO 2	1024	2004-02-07 18:33:31	2019-02-07 18:33:31	Server Authentication, Client Authentication, Code Signing, Secure Email, IP security tunnel termination, IP security user, IP security IKE intermediate, Time Stamping, Encrypting File System, Document Signing, OCSP Signing
DE28F4A4FFE5B92FA3C503D1A349A7F9962A8212	FF856A2D251DCD88D36656F450126798CFABAADE40799C722DE4D2B5DB36A73A	0DBE99793CDF5DCF29109233CC451BA5	C07A98688D89FBAB05640C117DAA7D65B8CACC4E		GeoTrust Global CA	CN=GeoTrust Global CA	2048	2002-05-21 04:00:00	2022-05-21 04:00:00	Server Authentication, Client Authentication, Secure Email, Code Signing, Time Stamping
31E2C52CE1089BEFFDDADB26DD7C782EBC4037BD	FFCEF2224E29B0B36EC8314E686822F3AC0F1C5E0C2D5C0EB2484CE7E2540FD0	B96987E88C9FB2D189DFDCBA187A5C49	9EEC991000496BCC8A3FDB6F06E5CA1418729383		Serasa Certificate Authority II	CN=Serasa Certificate Authority II	2048	2004-11-26 12:34:48	2024-11-21 12:44:48	Server Authentication, Code Signing, Time Stamping
